,Unnamed: 0,Unnamed: 0.1,Unnamed: 0.1.1,Unnamed: 0.1.1.1,Year,Appendix,Taxon,Class,Order,Family,Genus,Term,Quantity,Unit,Importer,Exporter,Origin,Purpose,Source,Reporter.type,Import.permit.RandomID,Export.permit.RandomID,Origin.permit.RandomID
937,103210,103210,103210,1347035,1995.0,II,Plerogyra spp.,Anthozoa,Scleractinia,Caryophylliidae,Plerogyra,raw corals,50.0,,JP,ID,,T,W,E,,66e9e01f7d,
146,275952,275952,275952,6975707,1995.0,II,Varanus niloticus,Reptilia,Sauria,Varanidae,Varanus,leather items,1.0,,JP,IT,TD,P,W,E,,ad6714bb16,
462,75687,75687,75687,921285,1995.0,II,Rhynchostylis retusa,,Orchidales,Orchidaceae,Rhynchostylis,live,102.0,,TW,TH,,,W,E,,c1f5de1b23,
480,195483,195483,195483,6736751,1995.0,II,Panthera leo,Mammalia,Carnivora,Felidae,Panthera,trophies,1.0,,DE,ZW,,,W,E,,d74fcca898,
418,59238,59238,59238,836516,1995.0,II,Orchidaceae spp.,,Orchidales,Orchidaceae,,live,20.0,,US,CA,,T,A,I,,8d07cdea84,
610,145180,145180,145180,6588875,1995.0,II,Caiman crocodilus crocodilus,Reptilia,Crocodylia,Alligatoridae,Caiman,shoes,16.0,,US,IT,VE,T,W,E,,ddbe976fc3,
48,200318,200318,200318,6750357,1995.0,II,Phalaenopsis spp.,,Orchidales,Orchidaceae,Phalaenopsis,live,12.0,,US,CA,,T,A,E,,73958a4506,
892,162305,162305,162305,6637967,1995.0,I,Elephantidae spp.,Mammalia,Proboscidea,Elephantidae,,ivory carvings,1.0,,US,GB,XX,T,O,I,,788de15795,
896,44260,44260,44260,729149,1995.0,II,Euphorbia spp.,,Euphorbiales,Euphorbiaceae,Euphorbia,live,12000.0,,DE,MG,,T,A,I,33f5625c4c,,
348,110227,110227,110227,3388799,1995.0,II,Psittacus erithacus timneh,Aves,Psittaciformes,Psittacidae,Psittacus,live,1.0,,NL,SR,SL,P,W,E,,fadf72fc31,
281,54534,54534,54534,802038,1995.0,II,Lobophyllia spp.,Anthozoa,Scleractinia,Mussidae,Lobophyllia,live,20.0,,US,ID,,T,W,I,,ace8c5d8e7,
248,3438,3438,3438,518582,1995.0,II,Aratinga acuticaudata,Aves,Psittaciformes,Psittacidae,Aratinga,live,6.0,,PH,CH,,,C,E,,,
509,189919,189919,189919,6720238,1995.0,II,Oophaga pumilio,Amphibia,Anura,Dendrobatidae,Oophaga,live,47.0,,BE,NI,,T,W,E,,4851f01193,
811,151589,151589,151589,6606130,1995.0,II,Catalaphyllia jardinei,Anthozoa,Scleractinia,Caryophylliidae,Catalaphyllia,raw corals,60.0,,GB,ID,,S,W,I,64da5edda3,fe7b1beec0,
91,153594,153594,153594,6612998,1995.0,I,Chelonia mydas,Reptilia,Testudines,Cheloniidae,Chelonia,specimens,10.0,,US,MX,,,W,I,,,
999,224755,224755,224755,6819790,1995.0,II,Tubipora spp.,Anthozoa,Stolonifera,Tubiporidae,Tubipora,raw corals,25.0,,FR,ID,,T,W,E,,90bdacf716,
68,85761,85761,85761,972294,1995.0,II,Trichoglossus haematodus,Aves,Psittaciformes,Loriidae,Trichoglossus,live,6.0,,BR,ES,SG,T,C,E,,101851f1e5,064e17203f
139,273243,273243,273243,6967668,1995.0,II,Varanus exanthematicus,Reptilia,Sauria,Varanidae,Varanus,live,100.0,,US,TG,,T,W,I,,696d43d3cd,
738,80543,80543,80543,951777,1995.0,II,Scleractinia spp.,Anthozoa,Scleractinia,,,raw corals,485.0,,JP,ID,,T,W,I,,773ebecbe9,
806,264943,264943,264943,6923457,1995.0,II,Ursus americanus,Mammalia,Carnivora,Ursidae,Ursus,trophies,1.0,,US,CA,,,W,I,,24aee8c6e0,
830,29077,29077,29077,649551,1995.0,II,Crocodylus novaeguineae,Reptilia,Crocodylia,Crocodylidae,Crocodylus,leather products (small),1.0,,JP,HK,ID,T,C,I,,6c1769af78,
9,83666,83666,83666,961135,1995.0,II,Sobennikoffia robusta,,Orchidales,Orchidaceae,Sobennikoffia,live,15.0,,NL,MG,,T,W,E,,0375cd017c,
572,263043,263043,263043,6921557,1995.0,II,Ursus americanus,Mammalia,Carnivora,Ursidae,Ursus,trophies,1.0,,US,CA,,,W,I,,3f24342925,
964,63525,63525,63525,858004,1995.0,I,Panthera pardus,Mammalia,Carnivora,Felidae,Panthera,derivatives,1.0,,US,CA,XX,,I,I,,,
781,167715,167715,167715,6654474,1995.0,II,Fungia spp.,Anthozoa,Scleractinia,Fungiidae,Fungia,raw corals,30.0,,IT,ID,,T,W,E,,8a1efd4480,
791,80873,80873,80873,952107,1995.0,II,Scleractinia spp.,Anthozoa,Scleractinia,,,raw corals,375.0,,NL,ID,,T,W,I,5d3e094d48,682c848a73,
713,187897,187897,187897,6714801,1995.0,II,Nageliella purpurea,,Orchidales,Orchidaceae,Nageliella,live,1.0,,JP,MX,,T,A,I,,0414bad4f0,
893,31451,31451,31451,673236,1995.0,II,Cyclamen spp.,,Primulales,Primulaceae,Cyclamen,live,96.0,,US,CA,,T,A,I,,eb48e1b3f1,
914,242672,242672,242672,6893233,1995.0,II,Ursus americanus,Mammalia,Carnivora,Ursidae,Ursus,meat,10.0,kg,US,CA,,H,W,E,,d9b3cffa7e,
381,211904,211904,211904,6782299,1995.0,II,Python reticulatus,Reptilia,Serpentes,Pythonidae,Python,meat,805.0,kg,HK,MY,,T,W,E,,e59dc78f2e,
151,8836,8836,8836,546333,1995.0,II,Cactaceae spp.,,Caryophyllales,Cactaceae,,live,35.0,,US,CA,,T,A,E,,02983591d3,
897,247852,247852,247852,6898413,1995.0,II,Ursus americanus,Mammalia,Carnivora,Ursidae,Ursus,skins,1.0,,US,CA,,H,W,E,,4825975319,
602,193349,193349,193349,6731371,1995.0,II,Ornithoptera goliath,Insecta,Lepidoptera,Papilionidae,Ornithoptera,bodies,6.0,,US,PG,,T,C,I,,7d31e9fef9,
874,215058,215058,215058,6792933,1995.0,II,Rebutia minuscula,,Caryophyllales,Cactaceae,Rebutia,live,1.0,,JP,DE,,T,A,I,,2aba2cced5,
877,241419,241419,241419,6891980,1995.0,II,Ursus americanus,Mammalia,Carnivora,Ursidae,Ursus,meat,50.0,kg,US,CA,,H,W,E,,8ea6b8382d,
975,98422,98422,98422,1242714,1995.0,II,Heliofungia spp.,Anthozoa,Scleractinia,Fungiidae,Heliofungia,raw corals,15.0,,JP,ID,,T,W,E,,53178c232d,
51,31477,31477,31477,673262,1995.0,II,Cyclamen spp.,,Primulales,Primulaceae,Cyclamen,live,120.0,,US,CA,,T,A,I,,0c17849f99,
79,157743,157743,157743,6625121,1995.0,III,Damaliscus lunatus,Mammalia,Artiodactyla,Bovidae,Damaliscus,trophies,1.0,,AT,BW,,P,W,I,bb908acb71,f97a2318fe,
990,203801,203801,203801,6760678,1995.0,II,Poicephalus senegalus,Aves,Psittaciformes,Psittacidae,Poicephalus,live,80.0,,PT,SN,,T,W,E,,1ef83eb499,
608,165552,165552,165552,6648743,1995.0,I,Falco peregrinus,Aves,Falconiformes,Falconidae,Falco,live,10.0,,RU,GB,,N,C,I,b0c23438ae,,
645,65214,65214,65214,863448,1995.0,II,Papio hamadryas,Mammalia,Primates,Cercopithecidae,Papio,skulls,1.0,,ZA,ZM,,,,E,,34bf3399c1,
557,42615,42615,42615,720387,1995.0,II,Eria spp.,,Orchidales,Orchidaceae,Eria,live,20.0,,US,TH,,,W,E,,8138ac2620,
518,72727,72727,72727,906073,1995.0,II,Porites spp.,Anthozoa,Scleractinia,Poritidae,Porites,live,6.0,,US,SB,,T,W,I,,07adc2f62c,
614,249155,249155,249155,6899716,1995.0,II,Ursus americanus,Mammalia,Carnivora,Ursidae,Ursus,skins,1.0,,US,CA,,H,W,E,,69fbd37a5a,
912,207761,207761,207761,6772745,1995.0,II,Puma concolor,Mammalia,Carnivora,Felidae,Puma,trophies,1.0,,US,AR,,,W,I,,3a66b0ac93,
76,18228,18228,18228,573189,1995.0,II,Caiman crocodilus fuscus,Reptilia,Crocodylia,Alligatoridae,Caiman,leather products (small),10.0,,US,CO,,T,C,I,,0bf385f3fd,
447,264864,264864,264864,6923378,1995.0,II,Ursus americanus,Mammalia,Carnivora,Ursidae,Ursus,trophies,1.0,,US,CA,,,W,I,,f113ae8736,
411,276344,276344,276344,6976099,1995.0,II,Varanus niloticus,Reptilia,Sauria,Varanidae,Varanus,leather products (small),160.0,,CH,IT,SD,T,W,E,,5b93098022,
587,51848,51848,51848,777711,1995.0,II,Heliofungia spp.,Anthozoa,Scleractinia,Fungiidae,Heliofungia,raw corals,15.0,,JP,ID,,T,W,I,,ffb0558427,
192,50854,50854,50854,767687,1995.0,II,Grammangis ellisii,,Orchidales,Orchidaceae,Grammangis,live,2.0,,ZA,MG,,P,W,E,,b7f42b7fc6,
479,30549,30549,30549,655315,1995.0,II,Crocodylus porosus,Reptilia,Crocodylia,Crocodylidae,Crocodylus,leather products (small),2.0,,JP,FR,PG,T,W,I,,24e0d06ac9,
186,241124,241124,241124,6891685,1995.0,II,Ursus americanus,Mammalia,Carnivora,Ursidae,Ursus,meat,30.0,kg,US,CA,,H,W,E,,70160c4bdf,
424,284870,284870,284870,7035870,1995.0,II,Alligator mississippiensis,Reptilia,Crocodylia,Alligatoridae,Alligator,skins,10.0,,HK,SG,US,T,W,I,,28dff616cd,
669,231491,231491,231491,6882052,1995.0,II,Ursus americanus,Mammalia,Carnivora,Ursidae,Ursus,bodies,1.0,,AT,CA,,H,W,E,,b8b4a202c2,
706,155612,155612,155612,6619428,1995.0,II,Cycas siamensis,,Cycadales,Cycadaceae,Cycas,leaves,14.0,,US,TH,,T,W,I,,a786f2def0,
945,178662,178662,178662,6688570,1995.0,I,Loxodonta africana,Mammalia,Proboscidea,Elephantidae,Loxodonta,ivory carvings,1.0,,HK,GB,XX,T,O,E,,2fd51ba3ae,
408,31897,31897,31897,673682,1995.0,II,Cyclamen spp.,,Primulales,Primulaceae,Cyclamen,live,96.0,,US,CA,,T,A,I,,a80a05eb42,
866,141692,141692,141692,6577894,1995.0,II,Bulbophyllum flabellum-veneris,,Orchidales,Orchidaceae,Bulbophyllum,live,100.0,,DE,TH,,T,A,I,96d2ede121,,
813,95676,95676,95676,1200908,1995.0,I,Falco hybrid,Aves,Falconiformes,Falconidae,Falco,live,1.0,,FR,MM,DK,P,C,I,fdfd0cb580,,
183,16457,16457,16457,570612,1995.0,II,Caiman crocodilus fuscus,Reptilia,Crocodylia,Alligatoridae,Caiman,leather products (small),1.0,,JP,CH,CO,T,C,I,,1c58d8edea,
324,271651,271651,271651,6963897,1995.0,II,Ursus maritimus,Mammalia,Carnivora,Ursidae,Ursus,skin pieces,1.0,,DK,GL,,P,W,I,026faba5cf,bce3c9b515,
815,80785,80785,80785,952019,1995.0,II,Scleractinia spp.,Anthozoa,Scleractinia,,,raw corals,75.0,,JP,ID,,T,W,I,,53b2723334,
221,284393,284393,284393,6997473,1995.0,III,Vidua chalybeata,Aves,Passeriformes,Ploceidae,Vidua,live,200.0,,IT,SN,,T,W,E,,a3eff48de2,
385,87361,87361,87361,978441,1995.0,II,Troides hypolitus,Insecta,Lepidoptera,Papilionidae,Troides,bodies,2.0,,US,CA,ID,T,W,E,,3c627e1b09,
295,39563,39563,39563,703400,1995.0,II,Dendrobium sulcatum,,Orchidales,Orchidaceae,Dendrobium,live,1.0,,DE,TH,,T,,I,5aa5bd2e7a,,
386,242353,242353,242353,6892914,1995.0,II,Ursus americanus,Mammalia,Carnivora,Ursidae,Ursus,meat,25.0,kg,US,CA,,H,W,E,,50146c4ea5,
776,81963,81963,81963,954280,1995.0,II,Scleractinia spp.,Anthozoa,Scleractinia,,,live,533.0,,US,ID,,T,W,I,,0fbf3792da,
486,187438,187438,187438,6713149,1995.0,III,Mustela altaica,Mammalia,Carnivora,Mustelidae,Mustela,garments,5.0,,IT,US,CN,T,W,E,,44dc4f7677,
802,91287,91287,91287,999244,1995.0,II,Vicugna vicugna,Mammalia,Artiodactyla,Camelidae,Vicugna,specimens,75.0,kg,GB,PE,,S,W,E,,f08d91e1aa,
936,60770,60770,60770,841275,1995.0,II,Ornithoptera priamus,Insecta,Lepidoptera,Papilionidae,Ornithoptera,bodies,7.0,,JP,PG,,T,,E,,367a53aac6,
23,155703,155703,155703,6619659,1995.0,II,Cyclamen persicum,,Primulales,Primulaceae,Cyclamen,live,3.0,,US,CA,,T,A,E,,8e82270cec,
837,22182,22182,22182,606422,1995.0,II,Cercopithecus petaurista,Mammalia,Primates,Cercopithecidae,Cercopithecus,live,10.0,,JP,GH,,T,W,I,,081b6d43b6,
740,136239,136239,136239,6563206,1995.0,III,Anas acuta,Aves,Anseriformes,Anatidae,Anas,trophies,2.0,,US,CA,,,W,I,,,
907,273063,273063,273063,6967488,1995.0,II,Varanus exanthematicus,Reptilia,Sauria,Varanidae,Varanus,live,200.0,,US,GH,,T,U,I,,80212f380c,
618,881,881,881,504122,1995.0,II,Aerides multiflora,,Orchidales,Orchidaceae,Aerides,live,3.0,,CH,TH,,,W,E,,73c8830eb2,
352,279297,279297,279297,6980810,1995.0,II,Varanus niloticus,Reptilia,Sauria,Varanidae,Varanus,leather items,1.0,,JP,US,TD,T,W,E,,dd7c7f1b49,
962,134060,134060,134060,6553366,1995.0,II,Alligator mississippiensis,Reptilia,Crocodylia,Alligatoridae,Alligator,skins,260.0,,US,FR,US,,C,E,,07a56aa6e2,
605,284452,284452,284452,6997719,1995.0,III,Vidua macroura,Aves,Passeriformes,Ploceidae,Vidua,live,5.0,,CN,NL,ML,T,W,E,,cbbf456dd9,
374,22065,22065,22065,605924,1995.0,III,Cerberus rynchops,Reptilia,Serpentes,Colubridae,Cerberus,shoes,60.0,,AU,PH,,T,W,E,,d2d4d1119c,
219,116488,116488,116488,6509532,1995.0,II,Agapornis personatus,Aves,Psittaciformes,Psittacidae,Agapornis,live,10.0,,ES,CZ,,T,C,E,,55a951268a,
163,28261,28261,28261,641611,1995.0,II,Crocodylus niloticus,Reptilia,Crocodylia,Crocodylidae,Crocodylus,trophies,1.0,,US,ZM,,,,E,,6adca7d379,
560,223129,223129,223129,6816456,1995.0,II,Tubipora musica,Anthozoa,Stolonifera,Tubiporidae,Tubipora,raw corals,15.0,,DE,ID,,T,W,E,,06f91ccb46,
861,10143,10143,10143,562497,1995.0,II,Caiman crocodilus fuscus,Reptilia,Crocodylia,Alligatoridae,Caiman,skins,500.0,,PA,CO,,T,,I,7b416f23bd,,
947,80782,80782,80782,952016,1995.0,II,Scleractinia spp.,Anthozoa,Scleractinia,,,raw corals,150.0,,JP,ID,,T,W,I,,5211c5bffb,
507,69641,69641,69641,890866,1995.0,II,Plerogyra spp.,Anthozoa,Scleractinia,Caryophylliidae,Plerogyra,raw corals,25.0,,IT,ID,,T,W,I,,1d0f55b929,
187,261284,261284,261284,6919798,1995.0,II,Ursus americanus,Mammalia,Carnivora,Ursidae,Ursus,trophies,1.0,,US,CA,,,W,I,,b288882ca6,
325,291441,291441,291441,13268310,1995.0,II,Maxillaria spp.,,Orchidales,Orchidaceae,Maxillaria,live,2.0,,DE,US,,T,A,I,1e40a03b2b,,
210,84562,84562,84562,965873,1995.0,II,Strombus gigas,Gastropoda,Mesogastropoda,Strombidae,Strombus,meat,2263.0,kg,US,TC,,T,W,I,,e932a52597,
154,39760,39760,39760,704339,1995.0,II,Dendrobium thyrsiflorum,,Orchidales,Orchidaceae,Dendrobium,live,8.0,,AT,TH,,,A,E,,e1414da71a,
184,268197,268197,268197,6926711,1995.0,II,Ursus americanus,Mammalia,Carnivora,Ursidae,Ursus,skulls,1.0,,US,CA,,,W,I,,be6ca06193,
251,79615,79615,79615,950849,1995.0,II,Scleractinia spp.,Anthozoa,Scleractinia,,,raw corals,2.0,,NZ,VU,,P,W,I,,04d4dae4f7,
625,95381,95381,95381,1187416,1995.0,II,Euphyllia spp.,Anthozoa,Scleractinia,Caryophylliidae,Euphyllia,raw corals,25.0,,US,ID,,T,W,E,,6e21dca21d,
109,273898,273898,273898,6971451,1995.0,II,Varanus niloticus,Reptilia,Sauria,Varanidae,Varanus,leather products (small),70.0,,NZ,AT,ML,T,W,E,,fef6282ebb,e763bc837f
436,245197,245197,245197,6895758,1995.0,II,Ursus americanus,Mammalia,Carnivora,Ursidae,Ursus,skins,1.0,,US,CA,,H,W,E,,ff837e2023,
467,14481,14481,14481,568636,1995.0,II,Caiman crocodilus fuscus,Reptilia,Crocodylia,Alligatoridae,Caiman,leather products (small),1.0,,JP,CH,CO,T,C,I,,3fdbceff03,
680,208666,208666,208666,6775052,1995.0,II,Python bivittatus,Reptilia,Serpentes,Pythonidae,Python,live,2.0,,TR,RU,,Q,C,E,,eeadc53e39,
57,128826,128826,128826,6534187,1995.0,II,Alligator mississippiensis,Reptilia,Crocodylia,Alligatoridae,Alligator,leather products (large),7.0,,JP,IT,US,T,W,I,,6e55a1494a,
746,50211,50211,50211,766444,1995.0,II,Goniopora spp.,Anthozoa,Scleractinia,Poritidae,Goniopora,live,1.0,,CA,US,ID,T,W,E,,55dc2f00a7,
85,96800,96800,96800,1215501,1995.0,II,Galaxea spp.,Anthozoa,Scleractinia,Oculinidae,Galaxea,raw corals,10.0,,DE,ID,,T,W,E,,fcdd6a69f6,
931,219487,219487,219487,6805245,1995.0,II,Trachyphyllia spp.,Anthozoa,Scleractinia,Trachyphylliidae,Trachyphyllia,live,54.0,,US,ID,,T,W,I,,f49fbd4eef,
568,292795,292795,292795,13337779,1995.0,I,Panthera pardus,Mammalia,Carnivora,Felidae,Panthera,live,1.0,,JP,DE,,Z,C,I,,ed393d7c6a,
356,275983,275983,275983,6975738,1995.0,II,Varanus niloticus,Reptilia,Sauria,Varanidae,Varanus,leather items,1.0,,US,IT,TD,P,W,E,,48732b0859,
997,274779,274779,274779,6973199,1995.0,II,Varanus niloticus,Reptilia,Sauria,Varanidae,Varanus,leather products (small),181.0,,CH,DE,SD,T,,E,,fa4574f84b,
126,1034,1034,1034,504728,1995.0,II,Agapornis nigrigenis,Aves,Psittaciformes,Psittacidae,Agapornis,live,50.0,,PT,ZA,,T,C,I,,b774007a91,
922,98590,98590,98590,1242882,1995.0,II,Heliofungia spp.,Anthozoa,Scleractinia,Fungiidae,Heliofungia,raw corals,10.0,,DE,ID,,T,W,E,,dc6e54a77f,
397,122001,122001,122001,6527346,1995.0,II,Alligator mississippiensis,Reptilia,Crocodylia,Alligatoridae,Alligator,leather products (small),1.0,,JP,IT,US,T,C,E,,9789de6fb0,
918,286354,286354,286354,7808184,1995.0,II,Psittacus erithacus,Aves,Psittaciformes,Psittacidae,Psittacus,live,100.0,,NL,CM,,T,W,E,,8b2c0cbd67,
114,294747,294747,294747,13384003,1995.0,II,Plerogyra spp.,Anthozoa,Scleractinia,Caryophylliidae,Plerogyra,raw corals,15.0,,US,ID,,T,W,E,,c8dbbc0b88,
517,162738,162738,162738,6639546,1995.0,I,Encephalartos lebomboensis,,Cycadales,Zamiaceae,Encephalartos,live,6.0,,,ZA,,T,A,E,,d12df28be2,
604,246614,246614,246614,6897175,1995.0,II,Ursus americanus,Mammalia,Carnivora,Ursidae,Ursus,skins,1.0,,US,CA,,H,W,E,,7428c01930,
810,125992,125992,125992,6531353,1995.0,II,Alligator mississippiensis,Reptilia,Crocodylia,Alligatoridae,Alligator,leather products (small),5.0,,JP,DE,US,T,C,I,,e4d8105da6,
377,270298,270298,270298,6928813,1995.0,II,Ursus americanus,Mammalia,Carnivora,Ursidae,Ursus,trophies,1.0,,US,CA,,,W,I,,48fd4793b7,
694,132751,132751,132751,6540921,1995.0,II,Alligator mississippiensis,Reptilia,Crocodylia,Alligatoridae,Alligator,leather products (small),103.0,,US,XX,US,T,C,I,,968ac13252,
39,125976,125976,125976,6531337,1995.0,II,Alligator mississippiensis,Reptilia,Crocodylia,Alligatoridae,Alligator,leather products (large),11.0,,JP,DE,US,T,C,I,,cbdc8d2bd0,
396,292169,292169,292169,13315555,1995.0,II,Oncidium spp.,,Orchidales,Orchidaceae,Oncidium,live,10.0,,DE,VE,,T,A,I,9287e88310,,
383,144502,144502,144502,6588197,1995.0,II,Caiman crocodilus crocodilus,Reptilia,Crocodylia,Alligatoridae,Caiman,shoes,12.0,,HK,IT,VE,T,W,E,,4bed5cc57f,
505,296072,296072,296072,13448375,1995.0,II,Staurochilus spp.,,Orchidales,Orchidaceae,Staurochilus,live,8.0,,MY,TH,,,W,E,,2d12bc82a0,
453,280753,280753,280753,6982267,1995.0,II,Varanus niloticus,Reptilia,Sauria,Varanidae,Varanus,bodies,1.0,,US,ZA,,T,W,E,,6e0cee21a6,
284,263841,263841,263841,6922355,1995.0,II,Ursus americanus,Mammalia,Carnivora,Ursidae,Ursus,trophies,1.0,,US,CA,,,W,I,,,
506,224473,224473,224473,6819508,1995.0,II,Tubipora spp.,Anthozoa,Stolonifera,Tubiporidae,Tubipora,raw corals,20.0,,US,ID,,T,W,E,,c59b66e6c2,
170,144544,144544,144544,6588239,1995.0,II,Caiman crocodilus crocodilus,Reptilia,Crocodylia,Alligatoridae,Caiman,shoes,1.0,,JP,IT,VE,P,W,E,,e60271a674,
475,32671,32671,32671,674456,1995.0,II,Cyclamen spp.,,Primulales,Primulaceae,Cyclamen,live,249.0,,US,CA,,T,A,I,,87eafb5875,
5,83886,83886,83886,963303,1995.0,II,Stenorrhynchos speciosum,,Orchidales,Orchidaceae,Stenorrhynchos,live,1.0,,DE,CO,,T,A,I,8f52f2e053,,
770,248948,248948,248948,6899509,1995.0,II,Ursus americanus,Mammalia,Carnivora,Ursidae,Ursus,skins,1.0,,US,CA,,H,W,E,,a200f19e44,
331,40522,40522,40522,707599,1995.0,II,Dypsis decaryi,,Arecales,Palmae,Dypsis,live,1.0,,BE,US,,B,A,E,,fd750ec622,
750,82862,82862,82862,956678,1995.0,I,Scleropages formosus,Actinopteri,Osteoglossiformes,Osteoglossidae,Scleropages,live,5.0,,CA,HK,,Z,U,I,c3d775c2c7,,
607,195640,195640,195640,6737230,1995.0,II,Panthera leo,Mammalia,Carnivora,Felidae,Panthera,trophies,1.0,,FR,BF,,,W,I,f9ee4d3232,3e63ca190c,
902,113703,113703,113703,6500288,1995.0,II,Acropora spp.,Anthozoa,Scleractinia,Acroporidae,Acropora,live,61.0,,DE,ID,,T,,I,94f3265f70,,
515,115423,115423,115423,6505873,1995.0,II,Aerangis cryptodon,,Orchidales,Orchidaceae,Aerangis,live,5.0,,US,MG,,T,W,E,,7263280b20,
501,3116,3116,3116,516455,1995.0,II,Ara ararauna,Aves,Psittaciformes,Psittacidae,Ara,live,2.0,,,ZA,SR,T,W,E,,5371ef8d59,08cca4058a
393,75941,75941,75941,922685,1995.0,II,Rodriguezia lanceolata,,Orchidales,Orchidaceae,Rodriguezia,live,10.0,,JP,TH,,T,A,I,,e8027287fd,
132,139446,139446,139446,6571655,1995.0,II,Ascocentrum curvifolium,,Orchidales,Orchidaceae,Ascocentrum,live,9.0,,HU,TH,,,W,E,,e54a8be954,
528,138646,138646,138646,6569371,1995.0,II,Aratinga wagleri,Aves,Psittaciformes,Psittacidae,Aratinga,live,100.0,,ES,PE,,T,W,I,,432a50d0a6,
307,34987,34987,34987,684074,1995.0,II,Cymbidium sinense,,Orchidales,Orchidaceae,Cymbidium,live,500.0,,JP,TW,,T,A,I,,5b4413b760,
181,187356,187356,187356,6712793,1995.0,II,Moschus spp.,Mammalia,Artiodactyla,Moschidae,Moschus,derivatives,3.0,,US,CN,,,W,I,,,
839,167947,167947,167947,6654706,1995.0,II,Fungia spp.,Anthozoa,Scleractinia,Fungiidae,Fungia,raw corals,10.0,,NL,ID,,T,W,E,,17fcb7ba71,
865,119253,119253,119253,6520888,1995.0,II,Alligator mississippiensis,Reptilia,Crocodylia,Alligatoridae,Alligator,leather products (small),2.0,,SG,DE,US,T,C,E,,78977a25c2,
310,72818,72818,72818,906164,1995.0,II,Porites spp.,Anthozoa,Scleractinia,Poritidae,Porites,live,20.0,,US,ID,,T,W,I,,2b6615c452,
337,113805,113805,113805,6500405,1995.0,II,Acropora spp.,Anthozoa,Scleractinia,Acroporidae,Acropora,raw corals,7.0,,GB,ID,,T,W,I,4bab7eec2c,,
131,45709,45709,45709,741038,1995.0,II,Euphyllia spp.,Anthozoa,Scleractinia,Caryophylliidae,Euphyllia,live,8.0,,US,ID,,T,W,I,,981fd8ea61,
225,207428,207428,207428,6772254,1995.0,II,Puma concolor,Mammalia,Carnivora,Felidae,Puma,specimens,500.0,g,US,VE,,S,C,E,,6c2c6448ea,
491,108230,108230,108230,1441243,1995.0,II,Strombus gigas,Gastropoda,Mesogastropoda,Strombidae,Strombus,live,300.0,,XX,LC,,T,W,E,,cf46f018d4,
296,69644,69644,69644,890869,1995.0,II,Plerogyra spp.,Anthozoa,Scleractinia,Caryophylliidae,Plerogyra,raw corals,28.0,,IT,ID,,T,W,I,,416242dfd6,
353,137348,137348,137348,6566130,1995.0,II,Aquilaria malaccensis,,Myrtales,Thymelaeaceae,Aquilaria,chips,65.3,kg,SA,SG,ID,T,W,E,,3e865c8661,
840,265730,265730,265730,6924244,1995.0,II,Ursus americanus,Mammalia,Carnivora,Ursidae,Ursus,trophies,1.0,,US,CA,,,W,I,,2ca40e9551,
208,33070,33070,33070,674855,1995.0,II,Cyclamen spp.,,Primulales,Primulaceae,Cyclamen,live,95.0,,US,CA,,T,A,E,,21d8ca8286,
273,81156,81156,81156,953473,1995.0,II,Scleractinia spp.,Anthozoa,Scleractinia,,,raw corals,32.0,,US,PC,,,I,I,,,
69,177103,177103,177103,6683740,1995.0,II,Lontra canadensis,Mammalia,Carnivora,Mustelidae,Lontra,skins,153.0,,US,CA,,T,W,E,,a0f15ad500,
702,38873,38873,38873,702510,1995.0,II,Dendrobium spp.,,Orchidales,Orchidaceae,Dendrobium,live,8000.0,,JP,TH,,T,A,I,,e9c8425cec,
575,17644,17644,17644,572605,1995.0,II,Caiman crocodilus fuscus,Reptilia,Crocodylia,Alligatoridae,Caiman,leather products (small),29.0,,US,CH,CO,T,C,I,,f39e226e0b,
681,39175,39175,39175,702812,1995.0,II,Dendrobium spp.,,Orchidales,Orchidaceae,Dendrobium,live,11600.0,,JP,TH,,T,A,I,,5b04896b05,
314,59106,59106,59106,836384,1995.0,II,Orchidaceae spp.,,Orchidales,Orchidaceae,,live,13.0,,US,CA,,T,A,I,,fc7b60f54c,
378,281658,281658,281658,6990768,1995.0,II,Varanus salvator,Reptilia,Sauria,Varanidae,Varanus,skins,2600.0,,JP,SG,MY,T,W,E,,48bd71ee02,
864,204652,204652,204652,6763235,1995.0,III,Psittacula krameri,Aves,Psittaciformes,Psittacidae,Psittacula,live,6.0,,PT,ZA,,T,C,I,,200e5a9991,
928,81608,81608,81608,953925,1995.0,II,Scleractinia spp.,Anthozoa,Scleractinia,,,live,181.0,,US,ID,,T,O,I,,,
280,206036,206036,206036,6766346,1995.0,II,Psittacus erithacus,Aves,Psittaciformes,Psittacidae,Psittacus,live,1.0,,US,CA,XX,,O,I,,,
655,235102,235102,235102,6885663,1995.0,II,Ursus americanus,Mammalia,Carnivora,Ursidae,Ursus,bodies,1.0,,US,CA,,H,W,E,,69a969bbcc,
227,226190,226190,226190,6824900,1995.0,II,Tupinambis teguixin,Reptilia,Sauria,Teiidae,Tupinambis,shoes,230.0,,US,ES,AR,T,W,E,,e20888a114,f1ceb1033e
909,238149,238149,238149,6888710,1995.0,II,Ursus americanus,Mammalia,Carnivora,Ursidae,Ursus,meat,22.73,kg,US,CA,,H,W,E,,1b470ce9e7,
319,135751,135751,135751,6561818,1995.0,II,Amazona ochrocephala,Aves,Psittaciformes,Psittacidae,Amazona,live,20.0,,AU,GB,,B,C,E,,b525192a4b,
372,181407,181407,181407,6695779,1995.0,II,Lynx canadensis,Mammalia,Carnivora,Felidae,Lynx,skins,1.0,,US,CA,,H,W,E,,db80ecc601,
452,141751,141751,141751,6578009,1995.0,II,Bulbophyllum fletcherianum,,Orchidales,Orchidaceae,Bulbophyllum,live,200.0,,JP,TW,,T,A,I,,fb1ecf0da5,
136,169894,169894,169894,6663598,1995.0,II,Gyps rueppellii,Aves,Falconiformes,Accipitridae,Gyps,skins,3.0,,US,TZ,,H,,E,,7d010b99cb,
745,225015,225015,225015,6820050,1995.0,II,Tubipora spp.,Anthozoa,Stolonifera,Tubiporidae,Tubipora,raw corals,30.0,,US,ID,,T,W,E,,f941bd07c7,
292,210429,210429,210429,6780823,1995.0,II,Python reticulatus,Reptilia,Serpentes,Pythonidae,Python,shoes,8.0,,HK,IT,ID,T,W,E,,1fa6dabc5c,
849,198443,198443,198443,6745714,1995.0,II,Pectinia spp.,Anthozoa,Scleractinia,Pectiniidae,Pectinia,raw corals,10.0,,US,ID,,T,W,E,,db950570d4,
883,252635,252635,252635,6903196,1995.0,II,Ursus americanus,Mammalia,Carnivora,Ursidae,Ursus,skulls,1.0,,US,CA,,H,W,E,,7236ed3f09,
698,84128,84128,84128,964622,1995.0,III,Streptopelia senegalensis,Aves,Columbiformes,Columbidae,Streptopelia,live,200.0,,PT,SN,,T,W,E,,2c9bf47ee6,
716,61773,61773,61773,849051,1995.0,II,Panax quinquefolius,,Apiales,Araliaceae,Panax,roots,129.0,kg,HK,US,,T,W,E,,32ad315293,
787,28810,28810,28810,649078,1995.0,II,Crocodylus novaeguineae,Reptilia,Crocodylia,Crocodylidae,Crocodylus,leather products (small),1.0,,HK,DE,PG,T,C,E,,f5c3e0cafb,
193,88284,88284,88284,983144,1995.0,II,Tubastraea spp.,Anthozoa,Scleractinia,Dendrophylliidae,Tubastraea,live,4.0,,US,ID,,T,W,I,,f5f9bbee58,
426,165333,165333,165333,6647977,1995.0,III,Euplectes hordeaceus,Aves,Passeriformes,Ploceidae,Euplectes,live,400.0,,PT,GN,,T,W,I,,8b8a5e703e,
456,92574,92574,92574,1081457,1995.0,II,Catalaphyllia spp.,Anthozoa,Scleractinia,Caryophylliidae,Catalaphyllia,raw corals,50.0,,US,ID,,T,W,E,,6dce5b5fe3,
692,241929,241929,241929,6892490,1995.0,II,Ursus americanus,Mammalia,Carnivora,Ursidae,Ursus,meat,45.45,kg,US,CA,,H,W,E,,b39fcb9461,
670,274843,274843,274843,6973263,1995.0,II,Varanus niloticus,Reptilia,Sauria,Varanidae,Varanus,leather products (small),2.0,,SG,DE,SD,T,,E,,4eb49f9d9d,
481,63416,63416,63416,857895,1995.0,I,Panthera pardus,Mammalia,Carnivora,Felidae,Panthera,bodies,1.0,,CA,US,TZ,T,W,E,,12f244b7b8,
128,138783,138783,138783,6569778,1995.0,I,Ariocarpus retusus,,Caryophyllales,Cactaceae,Ariocarpus,seeds,1000.0,,FR,US,,B,D,E,,11e4efb510,
848,133000,133000,133000,6541170,1995.0,II,Alligator mississippiensis,Reptilia,Crocodylia,Alligatoridae,Alligator,leather products (small),87.0,,US,XX,US,T,W,I,,f76e2baf20,
13,256890,256890,256890,6907451,1995.0,II,Ursus americanus,Mammalia,Carnivora,Ursidae,Ursus,skulls,1.0,,US,CA,,H,W,E,,ea2ba9949a,
178,205105,205105,205105,6764867,1995.0,II,Psittacus erithacus,Aves,Psittaciformes,Psittacidae,Psittacus,live,3.0,,ES,GQ,,P,W,E,,0d0b49c19f,
821,105410,105410,105410,1380939,1995.0,II,Python curtus,Reptilia,Serpentes,Pythonidae,Python,skins,1500.0,,SG,ID,,T,W,E,,9f27db1324,
108,293076,293076,293076,13363481,1995.0,II,Pelatantheria spp.,,Orchidales,Orchidaceae,Pelatantheria,live,1.0,,DE,TH,,T,A,I,8c3e340f76,,
379,7123,7123,7123,544620,1995.0,II,Cactaceae spp.,,Caryophyllales,Cactaceae,,live,40.0,,US,CA,,T,A,I,,9f4970d7e6,
62,291788,291788,291788,13288953,1995.0,II,Notylia spp.,,Orchidales,Orchidaceae,Notylia,live,10.0,,DE,PE,,T,A,I,7d2c73ccb7,,
0,183296,183296,183296,6702441,1995.0,II,Macaca nemestrina,Mammalia,Primates,Cercopithecidae,Macaca,live,5.0,,JP,RU,,Q,C,E,,2783fc13cc,
663,194175,194175,194175,6734194,1995.0,II,Panthera leo,Mammalia,Carnivora,Felidae,Panthera,trophies,1.0,,GH,ET,,P,,E,,39ef870a7e,
752,181875,181875,181875,6697807,1995.0,II,Macaca fascicularis,Mammalia,Primates,Cercopithecidae,Macaca,specimens,18.0,ml,US,DE,PH,S,C,E,,a79043f633,
425,206446,206446,206446,6767930,1995.0,I,Pterocnemia pennata,Aves,Rheiformes,Rheidae,Pterocnemia,live,1.0,,SK,DE,,Z,C,I,,04ef6d4699,
953,61068,61068,61068,842901,1995.0,II,Ovis ammon,Mammalia,Artiodactyla,Bovidae,Ovis,trophies,1.0,,GB,RU,TJ,H,W,E,,972e916ea0,
933,232241,232241,232241,6882802,1995.0,II,Ursus americanus,Mammalia,Carnivora,Ursidae,Ursus,skins,1.0,,DE,CA,,H,W,E,,90ddd43d49,
540,21786,21786,21786,604000,1995.0,II,Centrochelys sulcata,Reptilia,Testudines,Testudinidae,Centrochelys,live,50.0,,JP,US,,T,C,I,,b62a8f1d43,
777,106009,106009,106009,1401230,1995.0,II,Scleractinia spp.,Anthozoa,Scleractinia,,,raw corals,250.0,,IT,ID,,T,W,E,,7bd19c8435,
980,29216,29216,29216,649690,1995.0,II,Crocodylus novaeguineae,Reptilia,Crocodylia,Crocodylidae,Crocodylus,leather products (large),5.0,,JP,SG,PG,T,W,I,,97a27c6289,
576,68329,68329,68329,878890,1995.0,II,Physogyra spp.,Anthozoa,Scleractinia,Caryophylliidae,Physogyra,live,5.0,,ES,US,SB,T,W,E,,,
158,209916,209916,209916,6780310,1995.0,II,Python reticulatus,Reptilia,Serpentes,Pythonidae,Python,leather products (small),4.0,,US,IT,VN,T,W,E,,8c3b2ee0d8,
121,190548,190548,190548,6726051,1995.0,II,Orchidaceae hybrid,,Orchidales,Orchidaceae,,live,185.0,,CA,US,,B,A,E,,6bae221e9b,
350,133892,133892,133892,6553198,1995.0,II,Alligator mississippiensis,Reptilia,Crocodylia,Alligatoridae,Alligator,skins,102.0,,CH,FR,US,,C,E,,3526e5eccb,
235,164453,164453,164453,6644978,1995.0,II,Eria biflora,,Orchidales,Orchidaceae,Eria,live,1.0,,DE,TH,,,W,E,,870ef78c13,
773,45902,45902,45902,741231,1995.0,II,Euphyllia spp.,Anthozoa,Scleractinia,Caryophylliidae,Euphyllia,live,12.0,,US,ID,,T,W,I,,d058fc2d4f,
697,37331,37331,37331,692797,1995.0,II,Dendrobium gratiosissimum,,Orchidales,Orchidaceae,Dendrobium,live,20.0,,DE,TH,,,W,E,,817ead35f1,
168,162252,162252,162252,6637914,1995.0,I,Elephantidae spp.,Mammalia,Proboscidea,Elephantidae,,ivory carvings,1.0,,US,GB,XX,T,O,I,,31c90f8784,4b97b9da44
240,260977,260977,260977,6919491,1995.0,II,Ursus americanus,Mammalia,Carnivora,Ursidae,Ursus,trophies,1.0,,US,CA,,,W,I,,26f55303f0,
367,290001,290001,290001,13161079,1995.0,II,Eria spp.,,Orchidales,Orchidaceae,Eria,live,1.0,,FR,TH,,,W,E,,5d611ed300,
55,56850,56850,56850,817506,1995.0,II,Monodon monoceros,Mammalia,Cetacea,Monodontidae,Monodon,tusks,1.0,,DK,GL,,P,W,I,b5e24b9478,585f22aeb4,
935,252201,252201,252201,6902762,1995.0,II,Ursus americanus,Mammalia,Carnivora,Ursidae,Ursus,skins,1.0,,US,CA,,T,W,E,,203235020e,
31,172906,172906,172906,6671848,1995.0,II,Iguana iguana,Reptilia,Sauria,Iguanidae,Iguana,live,2600.0,,US,CO,,T,C,E,,88cee54f6d,
756,237548,237548,237548,6888109,1995.0,II,Ursus americanus,Mammalia,Carnivora,Ursidae,Ursus,meat,13.63,kg,US,CA,,H,W,E,,b8d3c4bfa3,
110,251936,251936,251936,6902497,1995.0,II,Ursus americanus,Mammalia,Carnivora,Ursidae,Ursus,skins,1.0,,US,CA,,H,W,E,,98ff2e3a01,
637,189921,189921,189921,6720240,1995.0,II,Oophaga pumilio,Amphibia,Anura,Dendrobatidae,Oophaga,live,20.0,,US,NI,,T,W,E,,4e99875bd7,
358,68646,68646,68646,880035,1995.0,II,Pionus menstruus,Aves,Psittaciformes,Psittacidae,Pionus,feathers,20.0,,US,BS,,S,C,E,,3965a48459,
569,242336,242336,242336,6892897,1995.0,II,Ursus americanus,Mammalia,Carnivora,Ursidae,Ursus,meat,13.63,kg,US,CA,,H,W,E,,d342d704b6,
636,209755,209755,209755,6780149,1995.0,II,Python reticulatus,Reptilia,Serpentes,Pythonidae,Python,skins,700.0,,IT,SG,ID,T,W,I,,189d96a09e,
166,125444,125444,125444,6530805,1995.0,II,Alligator mississippiensis,Reptilia,Crocodylia,Alligatoridae,Alligator,leather products (small),5.0,,JP,CH,US,T,C,I,,4323d2f9cc,
445,8938,8938,8938,546435,1995.0,II,Cactaceae spp.,,Caryophyllales,Cactaceae,,live,74.0,,US,CA,,T,A,E,,4a248133a3,
944,59861,59861,59861,837139,1995.0,II,Orchidaceae spp.,,Orchidales,Orchidaceae,,live,657.0,,US,PH,,T,A,I,,d7b11df9de,
502,232291,232291,232291,6882852,1995.0,II,Ursus americanus,Mammalia,Carnivora,Ursidae,Ursus,skins,1.0,,DE,CA,,T,W,E,,061dc25e7b,
688,3294,3294,3294,517786,1995.0,II,Ara chloropterus,Aves,Psittaciformes,Psittacidae,Ara,live,1.0,,US,CA,,,C,I,,678ae8e674,
800,176373,176373,176373,6681608,1995.0,I,Lepidochelys kempii,Reptilia,Testudines,Cheloniidae,Lepidochelys,specimens,50.0,,US,MX,,S,W,E,,7796699538,
822,225937,225937,225937,6824647,1995.0,II,Tupinambis teguixin,Reptilia,Sauria,Teiidae,Tupinambis,shoes,15.0,,HK,ES,AR,T,W,E,,d586a99208,cb3e49f254
105,197436,197436,197436,6743291,1995.0,II,Pecari tajacu,Mammalia,Artiodactyla,Tayassuidae,Pecari,skins,450.0,,DE,PE,,T,,I,a314d6541b,,
82,174656,174656,174656,6674402,1995.0,II,Iguana iguana,Reptilia,Sauria,Iguanidae,Iguana,live,543.0,,US,GT,,T,W,I,,3fceca438d,
921,90914,90914,90914,996653,1995.0,II,Vanda pumila,,Orchidales,Orchidaceae,Vanda,live,1.0,,DE,TH,,T,,I,8c3e340f76,,
387,139131,139131,139131,6570990,1995.0,II,Ascocentrum ampullaceum,,Orchidales,Orchidaceae,Ascocentrum,live,200.0,,JP,TH,,T,W,I,,9588cd6407,
157,280551,280551,280551,6982065,1995.0,II,Varanus niloticus,Reptilia,Sauria,Varanidae,Varanus,leather items,9.0,,US,IT,SD,T,W,I,,7b78541e86,
94,250309,250309,250309,6900870,1995.0,II,Ursus americanus,Mammalia,Carnivora,Ursidae,Ursus,skins,1.0,,US,CA,,H,W,E,,2e91148d37,
384,45890,45890,45890,741219,1995.0,II,Euphyllia spp.,Anthozoa,Scleractinia,Caryophylliidae,Euphyllia,live,50.0,,US,ID,,T,W,I,,b7e92b9129,
852,8163,8163,8163,545660,1995.0,II,Cactaceae spp.,,Caryophyllales,Cactaceae,,live,72500.0,,US,KR,,T,A,I,,76a4c33404,
145,217561,217561,217561,6800940,1995.0,II,Tauraco hartlaubi,Aves,Cuculiformes,Musophagidae,Tauraco,live,20.0,,IT,TZ,,T,,E,,d5a6435bd5,
703,293603,293603,293603,13376747,1995.0,II,Platycercus zonarius,Aves,Psittaciformes,Psittacidae,Platycercus,live,10.0,,JP,NL,,T,C,I,,2e5c2cca7d,
858,151735,151735,151735,6606643,1995.0,II,Cattleya aclandiae,,Orchidales,Orchidaceae,Cattleya,live,20.0,,JP,BR,,T,A,I,,8a2c0fa7e7,
44,272011,272011,272011,6964963,1995.0,II,Vanda lamellata,,Orchidales,Orchidaceae,Vanda,live,2.0,,JP,PH,,T,A,I,,94e3b15012,
581,215353,215353,215353,6793960,1995.0,II,Rhynchostylis coelestis,,Orchidales,Orchidaceae,Rhynchostylis,live,3.0,,US,TH,,T,W,I,,b844e5f3f5,
779,203275,203275,203275,6759437,1995.0,II,Pocillopora spp.,Anthozoa,Scleractinia,Pocilloporidae,Pocillopora,raw corals,10.0,,JP,ID,,T,W,E,,91c59a9807,
624,216433,216433,216433,6796782,1995.0,II,Schlumbergera spp.,,Caryophyllales,Cactaceae,Schlumbergera,live,670.0,,US,CA,,T,A,E,,8f4c74fe7b,
519,55580,55580,55580,807411,1995.0,II,Lynx rufus,Mammalia,Carnivora,Felidae,Lynx,skins,30.0,,US,CA,,T,W,E,,632df44395,
769,287479,287479,287479,13062351,1995.0,II,Boa constrictor,Reptilia,Serpentes,Boidae,Boa,specimens,1.0,flasks,US,AU,,S,C,E,,392cfb4994,
596,92478,92478,92478,1081361,1995.0,II,Catalaphyllia spp.,Anthozoa,Scleractinia,Caryophylliidae,Catalaphyllia,raw corals,20.0,,JP,ID,,T,W,E,,bb8887ff62,
886,47664,47664,47664,747742,1995.0,II,Felis silvestris,Mammalia,Carnivora,Felidae,Felis,live,2.0,,IT,HU,,Z,C,E,,9a9ae4b81a,
564,121480,121480,121480,6526825,1995.0,II,Alligator mississippiensis,Reptilia,Crocodylia,Alligatoridae,Alligator,leather products (small),1.0,,JP,IT,US,T,W,E,,071cd9b1da,
197,613,613,613,503013,1995.0,II,Aerides crassifolia,,Orchidales,Orchidaceae,Aerides,live,3.0,,CH,TH,,,W,E,,73c8830eb2,
673,52133,52133,52133,778512,1995.0,II,Heliofungia spp.,Anthozoa,Scleractinia,Fungiidae,Heliofungia,live,2.0,,CA,US,ID,T,W,E,,28b862e2b7,
301,123935,123935,123935,6529280,1995.0,II,Alligator mississippiensis,Reptilia,Crocodylia,Alligatoridae,Alligator,leather items,1.0,,RU,IT,US,P,W,E,,c16368b44a,
435,131739,131739,131739,6539906,1995.0,II,Alligator mississippiensis,Reptilia,Crocodylia,Alligatoridae,Alligator,skin pieces,2.0,,US,CA,US,,W,I,,f51be88638,
968,245579,245579,245579,6896140,1995.0,II,Ursus americanus,Mammalia,Carnivora,Ursidae,Ursus,skins,1.0,,US,CA,,H,W,E,,aae13a6ed7,
70,75932,75932,75932,922675,1995.0,II,Rodriguezia lanceolata,,Orchidales,Orchidaceae,Rodriguezia,live,2.0,,DE,EC,,T,A,I,a9f0039559,,
671,140971,140971,140971,6575194,1995.0,II,Boa constrictor,Reptilia,Serpentes,Boidae,Boa,live,75.0,,US,SR,,T,W,I,,c3b504fd85,
665,39004,39004,39004,702641,1995.0,II,Dendrobium spp.,,Orchidales,Orchidaceae,Dendrobium,live,3708.0,,JP,TH,,T,A,I,,6cff4d2d63,
124,44569,44569,44569,729877,1995.0,II,Euphorbia spp.,,Euphorbiales,Euphorbiaceae,Euphorbia,live,940.0,,US,DO,US,T,A,I,,0bece64868,
414,84247,84247,84247,965026,1995.0,I,Strombocactus disciformis,,Caryophyllales,Cactaceae,Strombocactus,live,2.0,,TH,DE,,T,A,E,,485f96ec2a,
790,295210,295210,295210,13403235,1995.0,II,Pomatocalpa spp.,,Orchidales,Orchidaceae,Pomatocalpa,live,25.0,,JP,TH,,,W,E,,bb7c4252a2,
269,197762,197762,197762,6743936,1995.0,II,Pecari tajacu,Mammalia,Artiodactyla,Tayassuidae,Pecari,shoes,90.0,,US,IT,AR,T,W,E,,dc867b9782,
327,25599,25599,25599,638610,1995.0,II,Crocodylus niloticus,Reptilia,Crocodylia,Crocodylidae,Crocodylus,leather products (small),1.0,,JP,IT,ZW,T,C,E,,d362b80c43,
729,39080,39080,39080,702717,1995.0,II,Dendrobium spp.,,Orchidales,Orchidaceae,Dendrobium,live,14000.0,,JP,TH,,T,A,I,,d8ecac5865,
468,97530,97530,97530,1223819,1995.0,II,Goniopora spp.,Anthozoa,Scleractinia,Poritidae,Goniopora,raw corals,100.0,,US,ID,,T,W,E,,991800f41b,
667,196303,196303,196303,6739841,1995.0,I,Paphiopedilum spp.,,Orchidales,Orchidaceae,Paphiopedilum,live,250.0,,XX,GB,,T,A,E,,8bacfae787,
213,118037,118037,118037,6513059,1995.0,II,Agaricia agaricites,Anthozoa,Scleractinia,Agariciidae,Agaricia,live,1.0,,US,BS,,S,W,E,,133561caa0,
888,130774,130774,130774,6538941,1995.0,II,Alligator mississippiensis,Reptilia,Crocodylia,Alligatoridae,Alligator,skins,4.0,,FR,US,,T,W,E,,bbd8fb8a0d,
278,42394,42394,42394,718994,1995.0,II,Erasanthe henrici,,Orchidales,Orchidaceae,Erasanthe,live,3.0,,JP,MG,,P,W,E,,b6a56d7197,
690,65926,65926,65926,865583,1995.0,II,Paraphalaenopsis denevei,,Orchidales,Orchidaceae,Paraphalaenopsis,live,20.0,,JP,ID,,T,,I,,9d37d22ce1,
451,225761,225761,225761,6824470,1995.0,II,Tupinambis teguixin,Reptilia,Sauria,Teiidae,Tupinambis,shoes,64.0,,US,IT,AR,T,W,E,,7ef2f0208a,
61,155394,155394,155394,6618706,1995.0,III,Crotalus durissus,Reptilia,Serpentes,Viperidae,Crotalus,live,20.0,,ES,US,,T,O,E,,,
783,94719,94719,94719,1186754,1995.0,II,Euphyllia spp.,Anthozoa,Scleractinia,Caryophylliidae,Euphyllia,raw corals,40.0,,IT,ID,,T,W,E,,f422f2d82a,
162,140094,140094,140094,6573623,1995.0,II,Barnardius zonarius,Aves,Psittaciformes,Psittacidae,Barnardius,live,1.0,,JP,NL,,T,C,I,,bc77d94054,
342,88981,88981,88981,987128,1995.0,I,Turbinicarpus valdezianus,,Caryophyllales,Cactaceae,Turbinicarpus,seeds,40.0,,DE,US,,B,D,E,,11e4efb510,
960,178882,178882,178882,6688810,1995.0,I,Loxodonta africana,Mammalia,Proboscidea,Elephantidae,Loxodonta,carvings,1.0,,JP,DE,XX,T,O,I,,bae4dc0484,
118,125635,125635,125635,6530996,1995.0,II,Alligator mississippiensis,Reptilia,Crocodylia,Alligatoridae,Alligator,leather products (small),3.0,,JP,CH,US,T,,I,,3111f5bf30,
102,226809,226809,226809,6826708,1995.0,II,Tupinambis teguixin,Reptilia,Sauria,Teiidae,Tupinambis,skin pieces,110.0,,US,IT,AR,T,W,I,,f86738e61b,
66,1615,1615,1615,509231,1995.0,II,Amazona amazonica,Aves,Psittaciformes,Psittacidae,Amazona,live,108.0,,BE,SR,,T,W,E,,2ae834da8b,
732,85570,85570,85570,970790,1995.0,III,Tragelaphus spekii,Mammalia,Artiodactyla,Bovidae,Tragelaphus,trophies,1.0,,US,CM,,,W,I,,369cffaebc,
743,156191,156191,156191,6621427,1995.0,II,Cymbidium spp.,,Orchidales,Orchidaceae,Cymbidium,live,300.0,,JP,TW,,T,A,I,,d9cca092b0,
718,234815,234815,234815,6885376,1995.0,II,Ursus americanus,Mammalia,Carnivora,Ursidae,Ursus,bodies,1.0,,US,CA,,H,W,E,,d43adc0363,
586,220059,220059,220059,6807155,1995.0,II,Trachyphyllia spp.,Anthozoa,Scleractinia,Trachyphylliidae,Trachyphyllia,raw corals,10.0,,DE,ID,,T,W,E,,dc6e54a77f,
890,84069,84069,84069,964272,1995.0,II,Stigmochelys pardalis,Reptilia,Testudines,Testudinidae,Stigmochelys,live,14.0,,CH,US,ZA,P,W,I,,,
482,278881,278881,278881,6980394,1995.0,II,Varanus niloticus,Reptilia,Sauria,Varanidae,Varanus,leather items,6.0,,US,NG,,,I,I,,,
905,148667,148667,148667,6594023,1995.0,II,Caiman crocodilus crocodilus,Reptilia,Crocodylia,Alligatoridae,Caiman,shoes,1.0,,US,ES,VE,T,W,I,,aef8a9722b,
525,281399,281399,281399,6990161,1995.0,II,Varanus salvator,Reptilia,Sauria,Varanidae,Varanus,leather products (small),100.0,,CH,DE,ID,T,,E,,43fb9ba0c8,
977,180984,180984,180984,6692978,1995.0,I,Loxodonta africana,Mammalia,Proboscidea,Elephantidae,Loxodonta,tusks,2.0,,FR,CM,,,W,I,588aba2e72,4a7f365b55,
275,222121,222121,222121,6813968,1995.0,II,Trioceros ellioti,Reptilia,Sauria,Chamaeleonidae,Trioceros,live,150.0,,US,CD,,T,,E,,16e3a4ec60,
755,238230,238230,238230,6888791,1995.0,II,Ursus americanus,Mammalia,Carnivora,Ursidae,Ursus,meat,10.0,kg,US,CA,,H,W,E,,4cedfac72b,
144,105632,105632,105632,1393412,1995.0,II,Salvator rufescens,Reptilia,Sauria,Teiidae,Salvator,skins,10000.0,,CN,HK,AR,T,W,E,,,
675,31958,31958,31958,673743,1995.0,II,Cyclamen spp.,,Primulales,Primulaceae,Cyclamen,live,1400.0,,US,CA,,T,A,I,,ce4a4050b8,
52,227924,227924,227924,6829733,1995.0,II,Turbinaria spp.,Anthozoa,Scleractinia,Dendrophylliidae,Turbinaria,live,4.0,,DE,ID,,T,,I,f60d520e9c,,
147,173894,173894,173894,6673640,1995.0,II,Iguana iguana,Reptilia,Sauria,Iguanidae,Iguana,live,50.0,,NL,US,CO,T,O,E,,c3684d8257,
820,5137,5137,5137,527055,1995.0,II,Brassavola cucullata,,Orchidales,Orchidaceae,Brassavola,live,20.0,,JP,NZ,,T,A,I,,3d084c1c7b,
846,97999,97999,97999,1224288,1995.0,II,Goniopora spp.,Anthozoa,Scleractinia,Poritidae,Goniopora,raw corals,40.0,,US,ID,,T,W,E,,49c6d09f52,
724,23163,23163,23163,615292,1995.0,I,Cheloniidae spp.,Reptilia,Testudines,Cheloniidae,,leather items,1.0,,US,PC,,,W,I,,,
862,79493,79493,79493,950692,1995.0,II,Scleractinia spp.,Anthozoa,Scleractinia,,,live,50.0,,DE,ID,,T,,I,7972b81784,,
712,53734,53734,53734,795086,1995.0,I,Leontopithecus rosalia,Mammalia,Primates,Cebidae,Leontopithecus,live,1.0,,US,DE,,,C,I,,1a92513a47,
932,86541,86541,86541,976234,1995.0,II,Tridacnidae spp.,Bivalvia,Veneroida,Tridacnidae,,shells,2.0,,NZ,ID,,,I,I,,,
512,244885,244885,244885,6895446,1995.0,II,Ursus americanus,Mammalia,Carnivora,Ursidae,Ursus,skins,1.0,,US,CA,,H,W,E,,b2b1ab52ae,
207,221906,221906,221906,6813249,1995.0,II,Tridacna gigas,Bivalvia,Veneroida,Tridacnidae,Tridacna,shells,1.0,,US,PC,,,W,I,,,
949,195260,195260,195260,6736225,1995.0,II,Panthera leo,Mammalia,Carnivora,Felidae,Panthera,trophies,1.0,,US,ZA,,H,W,E,,ad7ccee649,
135,80092,80092,80092,951326,1995.0,II,Scleractinia spp.,Anthozoa,Scleractinia,,,raw corals,1.0,,NZ,XX,,,I,I,,,
339,16801,16801,16801,570956,1995.0,II,Caiman crocodilus fuscus,Reptilia,Crocodylia,Alligatoridae,Caiman,leather products (small),26.0,,CH,JP,CO,T,,E,,101c69eabd,
262,226172,226172,226172,6824882,1995.0,II,Tupinambis teguixin,Reptilia,Sauria,Teiidae,Tupinambis,shoes,291.0,,US,ES,AR,T,W,E,,0c32b996d0,edc98fa708
801,224010,224010,224010,6818224,1995.0,II,Tubipora spp.,Anthozoa,Stolonifera,Tubiporidae,Tubipora,live,4.0,,US,SB,,T,W,I,,1d6e545362,
508,261048,261048,261048,6919562,1995.0,II,Ursus americanus,Mammalia,Carnivora,Ursidae,Ursus,trophies,1.0,,US,CA,,,W,I,,12d8d21e0c,
413,5989,5989,5989,531521,1995.0,II,Bulbophyllum secundum,,Orchidales,Orchidaceae,Bulbophyllum,live,3.0,,JP,TH,,,W,E,,80f96961a9,
695,177709,177709,177709,6686496,1995.0,I,Loxodonta africana,Mammalia,Proboscidea,Elephantidae,Loxodonta,ivory pieces,10.0,,DE,US,LR,P,O,I,589a18b86c,,
927,5041,5041,5041,526468,1995.0,II,Blastomussa spp.,Anthozoa,Scleractinia,Mussidae,Blastomussa,live,10.0,,US,ID,,T,W,I,,3a664823c6,
943,52087,52087,52087,778466,1995.0,II,Heliofungia spp.,Anthozoa,Scleractinia,Fungiidae,Heliofungia,live,35.0,,US,ID,,T,O,I,,b56d2a340e,
817,67243,67243,67243,873365,1995.0,II,Phelsuma lineata,Reptilia,Sauria,Gekkonidae,Phelsuma,live,20.0,,DK,MG,,T,W,I,7dc1fe4401,73f33c92b2,
195,211241,211241,211241,6781635,1995.0,II,Python reticulatus,Reptilia,Serpentes,Pythonidae,Python,skins,280.0,,JP,SG,MY,T,W,E,,25689c822d,
24,194337,194337,194337,6734812,1995.0,II,Panthera leo,Mammalia,Carnivora,Felidae,Panthera,skins,1.0,,IT,TZ,,H,W,I,,a64b16ae80,
148,199356,199356,199356,6748301,1995.0,II,Phalaenopsis lobbii,,Orchidales,Orchidaceae,Phalaenopsis,live,20.0,,DE,TH,,T,A,I,5a43356301,,
967,136395,136395,136395,6563479,1995.0,III,Anas crecca,Aves,Anseriformes,Anatidae,Anas,bodies,1.0,,US,CA,,,W,I,,,
483,10547,10547,10547,563487,1995.0,II,Caiman crocodilus fuscus,Reptilia,Crocodylia,Alligatoridae,Caiman,leather products (small),10.0,,DE,CH,CO,T,,I,841004793a,,
254,91661,91661,91661,1015939,1995.0,II,Ara chloropterus,Aves,Psittaciformes,Psittacidae,Ara,live,2.0,,NL,SR,,T,W,E,,fb4e030693,
152,227665,227665,227665,6827567,1995.0,II,Tupinambis teguixin,Reptilia,Sauria,Teiidae,Tupinambis,shoes,17.0,,US,IT,AR,T,W,I,,17f5219a29,
140,35927,35927,35927,687612,1995.0,II,Dendrobium calicopis,,Orchidales,Orchidaceae,Dendrobium,live,50.0,,DE,TH,,,W,E,,bc96aa0333,
995,11541,11541,11541,565665,1995.0,II,Caiman crocodilus fuscus,Reptilia,Crocodylia,Alligatoridae,Caiman,leather products (small),3.0,,HK,IT,CO,T,C,E,,b3c2e35b17,
375,143641,143641,143641,6585571,1995.0,II,Caiman crocodilus crocodilus,Reptilia,Crocodylia,Alligatoridae,Caiman,leather products (small),29.0,,DE,CH,GY,T,,I,489dfeec12,,
920,207902,207902,207902,6773667,1995.0,II,Pyrrhura picta,Aves,Psittaciformes,Psittacidae,Pyrrhura,live,2.0,,NL,SR,,T,W,I,445fce59aa,8f80c757ba,
860,281066,281066,281066,6988018,1995.0,II,Varanus rudicollis,Reptilia,Sauria,Varanidae,Varanus,live,10.0,,JP,ID,,T,W,I,,6a31168c73,
449,124692,124692,124692,6530037,1995.0,II,Alligator mississippiensis,Reptilia,Crocodylia,Alligatoridae,Alligator,skins,361.0,,CN,HK,US,T,C,I,2970850a7f,,f2938e7f56
875,59495,59495,59495,836773,1995.0,II,Orchidaceae spp.,,Orchidales,Orchidaceae,,live,61.0,,US,CA,,T,A,I,,2a5eb2fe76,
185,78940,78940,78940,937438,1995.0,II,Salvator rufescens,Reptilia,Sauria,Teiidae,Salvator,skin pieces,60.0,,US,IT,AR,T,W,I,,051f1a2ad5,
81,208105,208105,208105,6774368,1995.0,II,Python bivittatus,Reptilia,Serpentes,Pythonidae,Python,leather products (small),40.0,,JP,IT,TH,T,W,E,,720984d351,
174,43607,43607,43607,724694,1995.0,II,Eulychnia acida,,Caryophyllales,Cactaceae,Eulychnia,stems,100.0,,AU,US,CL,T,W,E,,cfa66ef353,
836,92256,92256,92256,1041677,1995.0,II,Caiman crocodilus fuscus,Reptilia,Crocodylia,Alligatoridae,Caiman,skins,1000.0,,FR,CO,,,C,I,b637aefb65,62a001740a,
343,288976,288976,288976,13127143,1995.0,II,Dendrobium spp.,,Orchidales,Orchidaceae,Dendrobium,live,1.0,,JP,PH,,T,A,I,,84a1c20d03,
260,116826,116826,116826,6509886,1995.0,II,Agapornis personatus,Aves,Psittaciformes,Psittacidae,Agapornis,live,200.0,,JP,TW,,T,C,I,,db2ad46ff3,
900,262086,262086,262086,6920600,1995.0,II,Ursus americanus,Mammalia,Carnivora,Ursidae,Ursus,trophies,1.0,,US,CA,,,W,I,,1e64021166,
583,236462,236462,236462,6887023,1995.0,II,Ursus americanus,Mammalia,Carnivora,Ursidae,Ursus,gall bladders,1.0,,US,CA,,H,W,E,,4c8db760b3,
165,29974,29974,29974,654740,1995.0,I,Crocodylus porosus,Reptilia,Crocodylia,Crocodylidae,Crocodylus,leather items,1.0,,AT,MY,,T,C,E,,9fc4c20314,
391,7208,7208,7208,544705,1995.0,II,Cactaceae spp.,,Caryophyllales,Cactaceae,,live,135.0,,US,CA,,T,A,I,,2b99217207,
530,195686,195686,195686,6737710,1995.0,II,Panthera leo,Mammalia,Carnivora,Felidae,Panthera,skins,24.0,,ZA,BW,,T,W,I,33c597fb3f,87b455608a,
884,123141,123141,123141,6528486,1995.0,II,Alligator mississippiensis,Reptilia,Crocodylia,Alligatoridae,Alligator,shoes,3.0,,US,IT,US,T,W,E,,3b6bc0a786,
793,161857,161857,161857,6636688,1995.0,II,Echinocactus polycephalus,,Caryophyllales,Cactaceae,Echinocactus,live,50.0,,NL,US,,T,W,E,,1a9a9950ae,
150,14696,14696,14696,568851,1995.0,II,Caiman crocodilus fuscus,Reptilia,Crocodylia,Alligatoridae,Caiman,leather products (small),1.0,,JP,CH,CO,T,C,I,,f33212a7e0,
257,27310,27310,27310,640481,1995.0,II,Crocodylus niloticus,Reptilia,Crocodylia,Crocodylidae,Crocodylus,leather products (large),3.0,,JP,IT,ZW,T,W,I,,e5db6af802,
571,230253,230253,230253,6835506,1995.0,II,Tyto alba,Aves,Strigiformes,Tytonidae,Tyto,feet,1.0,,US,MX,,,I,I,,,
709,34999,34999,34999,684086,1995.0,II,Cymbidium sinense,,Orchidales,Orchidaceae,Cymbidium,live,10.0,,JP,TW,,T,A,I,,e16472ef4c,
992,179826,179826,179826,6690967,1995.0,I,Loxodonta africana,Mammalia,Proboscidea,Elephantidae,Loxodonta,skin pieces,6.0,,FR,ZW,,,W,E,,024fb65423,
487,18484,18484,18484,573445,1995.0,II,Caiman crocodilus fuscus,Reptilia,Crocodylia,Alligatoridae,Caiman,shoes,98.0,,US,IT,CO,T,W,I,,1fc5853148,
857,107161,107161,107161,1402382,1995.0,II,Scleractinia spp.,Anthozoa,Scleractinia,,,raw corals,250.0,,DE,ID,,T,W,E,,9de10f87a1,
354,231743,231743,231743,6882304,1995.0,II,Ursus americanus,Mammalia,Carnivora,Ursidae,Ursus,skins,1.0,,CH,CA,,H,W,E,,4012d430f5,
340,213343,213343,213343,6784688,1995.0,II,Python reticulatus,Reptilia,Serpentes,Pythonidae,Python,shoes,4.0,,JP,US,ID,T,U,E,,f9eed483ca,
80,288738,288738,288738,13117775,1995.0,II,Cymbidium spp.,,Orchidales,Orchidaceae,Cymbidium,live,500.0,,JP,TW,,T,A,I,,816b3e067d,
311,273083,273083,273083,6967508,1995.0,II,Varanus exanthematicus,Reptilia,Sauria,Varanidae,Varanus,live,15.0,,CA,US,BJ,T,W,E,,507a707b92,
440,114956,114956,114956,6503152,1995.0,II,Acropora spp.,Anthozoa,Scleractinia,Acroporidae,Acropora,raw corals,50.0,,US,ID,,T,W,E,,4521653b2f,
243,286390,286390,286390,7808220,1995.0,II,Psittacus erithacus,Aves,Psittaciformes,Psittacidae,Psittacus,live,200.0,,BE,CM,,T,W,E,,da796d5853,
538,255995,255995,255995,6906556,1995.0,II,Ursus americanus,Mammalia,Carnivora,Ursidae,Ursus,skulls,1.0,,US,CA,,H,W,E,,55602f1e6c,
263,122741,122741,122741,6528086,1995.0,II,Alligator mississippiensis,Reptilia,Crocodylia,Alligatoridae,Alligator,leather products (small),2.0,,US,IT,US,T,C,E,,18710809f5,
41,155036,155036,155036,6617585,1995.0,II,Corallus hortulanus,Reptilia,Serpentes,Boidae,Corallus,live,6.0,,AN,SR,,T,W,E,,aaaa5e6817,
494,227357,227357,227357,6827259,1995.0,II,Tupinambis teguixin,Reptilia,Sauria,Teiidae,Tupinambis,shoes,2.0,,US,ES,AR,T,W,I,,4154ef531d,
551,135204,135204,135204,6559897,1995.0,II,Amazona aestiva,Aves,Psittaciformes,Psittacidae,Amazona,live,1.0,,BS,US,XX,,W,E,,5484d8b3e7,
321,252095,252095,252095,6902656,1995.0,II,Ursus americanus,Mammalia,Carnivora,Ursidae,Ursus,skins,1.0,,US,CA,,H,W,E,,bcb4015bff,
559,137535,137535,137535,6566317,1995.0,II,Aquilaria malaccensis,,Myrtales,Thymelaeaceae,Aquilaria,chips,173.0,kg,SA,SG,ID,T,O,E,,d6d4818469,
734,242921,242921,242921,6893482,1995.0,II,Ursus americanus,Mammalia,Carnivora,Ursidae,Ursus,meat,80.0,kg,US,CA,,H,W,E,,e3408764d0,
267,226401,226401,226401,6825185,1995.0,II,Tupinambis teguixin,Reptilia,Sauria,Teiidae,Tupinambis,leather products (small),1.0,,JP,CH,AR,T,W,I,,124a0316e8,
421,141833,141833,141833,6578226,1995.0,II,Bulbophyllum leysenianum,,Orchidales,Orchidaceae,Bulbophyllum,live,20.0,,JP,PH,,T,A,I,,7c35c52807,
389,31081,31081,31081,657132,1995.0,II,Cyathea spp.,,Cyatheales,Cyatheaceae,Cyathea,live,1.0,,FR,MG,,S,W,E,,503789c4c4,
401,181072,181072,181072,6694208,1995.0,I,Loxodonta africana,Mammalia,Proboscidea,Elephantidae,Loxodonta,tusks,1.0,,ZA,ZW,,H,W,I,d06fb1c850,7a2c65144e,
474,42672,42672,42672,720856,1995.0,II,Erythrocebus patas,Mammalia,Primates,Cercopithecidae,Erythrocebus,live,10.0,,JP,GH,,T,W,I,,a9ec23a117,
580,72570,72570,72570,905916,1995.0,II,Porites spp.,Anthozoa,Scleractinia,Poritidae,Porites,live,11.0,,US,ID,,T,U,I,,c7b90e430b,
970,260769,260769,260769,6919283,1995.0,II,Ursus americanus,Mammalia,Carnivora,Ursidae,Ursus,trophies,1.0,,US,CA,,,W,I,,7a957a3a1d,
498,29597,29597,29597,654278,1995.0,II,Crocodylus porosus,Reptilia,Crocodylia,Crocodylidae,Crocodylus,leather products (small),1.0,,TW,DE,PG,T,,E,,3cc80ed2fd,
366,118254,118254,118254,6518653,1995.0,II,Alligator mississippiensis,Reptilia,Crocodylia,Alligatoridae,Alligator,leather products (small),2.0,,AT,CH,US,T,C,I,f22b1d6560,75c4224498,937dc0d706
906,147129,147129,147129,6590826,1995.0,II,Caiman crocodilus crocodilus,Reptilia,Crocodylia,Alligatoridae,Caiman,live,10.0,,JP,US,VE,T,C,I,,bbf91df7e6,
459,99516,99516,99516,1263889,1995.0,II,Lobophyllia spp.,Anthozoa,Scleractinia,Mussidae,Lobophyllia,raw corals,80.0,,JP,ID,,T,W,E,,893495b0ab,
287,193278,193278,193278,6731283,1995.0,II,Ornithoptera goliath,Insecta,Lepidoptera,Papilionidae,Ornithoptera,live,26.0,,DE,PG,,T,C,I,a4f89543cf,,
200,151521,151521,151521,6604342,1995.0,II,Canis lupus,Mammalia,Carnivora,Canidae,Canis,trophies,1.0,,US,CA,,,W,I,,225daae325,
536,86705,86705,86705,976398,1995.0,II,Tridacnidae spp.,Bivalvia,Veneroida,Tridacnidae,,shells,2.0,,NZ,FJ,,,I,I,,,
4,63621,63621,63621,858100,1995.0,I,Panthera pardus,Mammalia,Carnivora,Felidae,Panthera,trophies,1.0,,US,ZW,,,W,I,,75b843fe27,
289,235520,235520,235520,6886081,1995.0,II,Ursus americanus,Mammalia,Carnivora,Ursidae,Ursus,bodies,1.0,,US,CA,,H,W,E,,0a370bee0e,
64,49562,49562,49562,765115,1995.0,II,Goniopora spp.,Anthozoa,Scleractinia,Poritidae,Goniopora,live,10.0,,BE,ID,,T,W,I,,0fe2d80053,
510,62534,62534,62534,849812,1995.0,II,Panax quinquefolius,,Apiales,Araliaceae,Panax,roots,366.1,kg,US,CA,,T,A,E,,090b6c7bc4,
550,65206,65206,65206,863440,1995.0,II,Papio hamadryas,Mammalia,Primates,Cercopithecidae,Papio,trophies,1.0,,US,ZM,,,,E,,4421926f9e,
651,50941,50941,50941,768049,1995.0,II,Grammatophyllum speciosum,,Orchidales,Orchidaceae,Grammatophyllum,live,500.0,,JP,TW,,T,A,I,,90da814507,
545,102499,102499,102499,1346324,1995.0,II,Plerogyra spp.,Anthozoa,Scleractinia,Caryophylliidae,Plerogyra,raw corals,15.0,,JP,ID,,T,W,E,,c7f2daff53,
873,267757,267757,267757,6926271,1995.0,II,Ursus americanus,Mammalia,Carnivora,Ursidae,Ursus,trophies,1.0,,US,CA,,,W,I,,43b21cad4f,
966,286584,286584,286584,7874948,1995.0,III,Tragelaphus eurycerus,Mammalia,Artiodactyla,Bovidae,Tragelaphus,trophies,1.0,,US,CM,,H,W,E,,2a1aae06fc,
592,204304,204304,204304,6762019,1995.0,II,Polytelis swainsonii,Aves,Psittaciformes,Psittacidae,Polytelis,live,10.0,,CA,FR,NL,,C,E,,07938c8ddd,
588,115225,115225,115225,6503421,1995.0,II,Acropora spp.,Anthozoa,Scleractinia,Acroporidae,Acropora,raw corals,10.0,,US,ID,,T,W,E,,1dcb9f97e6,
956,146701,146701,146701,6590398,1995.0,II,Caiman crocodilus crocodilus,Reptilia,Crocodylia,Alligatoridae,Caiman,leather products (large),1.0,,JP,HK,VE,T,W,I,,6f9005afed,
155,253656,253656,253656,6904217,1995.0,II,Ursus americanus,Mammalia,Carnivora,Ursidae,Ursus,skulls,1.0,,US,CA,,H,W,E,,ee109f9a9e,
644,80471,80471,80471,951705,1995.0,II,Scleractinia spp.,Anthozoa,Scleractinia,,,raw corals,310.0,,JP,ID,,T,W,I,,dce6fdf9dd,
869,101196,101196,101196,1308510,1995.0,II,Panax quinquefolius,,Apiales,Araliaceae,Panax,roots,455.0,kg,HK,US,,T,W,I,,10df65654b,
27,74217,74217,74217,913422,1995.0,II,Python curtus,Reptilia,Serpentes,Pythonidae,Python,live,20.0,,US,ID,,T,W,I,,8eb23a47f8,
768,243674,243674,243674,6894235,1995.0,II,Ursus americanus,Mammalia,Carnivora,Ursidae,Ursus,skins,1.0,,US,CA,,H,W,E,,881b4b4a1c,
129,191028,191028,191028,6726531,1995.0,II,Orchidaceae hybrid,,Orchidales,Orchidaceae,,live,370.0,,JP,US,,B,A,E,,04b8576fec,
533,178393,178393,178393,6688301,1995.0,I,Loxodonta africana,Mammalia,Proboscidea,Elephantidae,Loxodonta,ivory carvings,1.0,,ZA,GB,XX,P,O,E,,c6612dd56e,
133,36112,36112,36112,688249,1995.0,II,Dendrobium cariniferum,,Orchidales,Orchidaceae,Dendrobium,live,4.0,,GB,TH,,,A,E,,4bf5c56291,
99,1500,1500,1500,507928,1995.0,III,Amandava subflava,Aves,Passeriformes,Estrildidae,Amandava,live,200.0,,CH,SN,,T,W,E,,812d158fde,
910,241235,241235,241235,6891796,1995.0,II,Ursus americanus,Mammalia,Carnivora,Ursidae,Ursus,meat,35.0,kg,US,CA,,H,W,E,,e7788c7904,
529,293987,293987,293987,13382825,1995.0,II,Plerogyra spp.,Anthozoa,Scleractinia,Caryophylliidae,Plerogyra,live,15.0,,US,ID,,T,W,I,,49b8ec8063,
43,257840,257840,257840,6908401,1995.0,II,Ursus americanus,Mammalia,Carnivora,Ursidae,Ursus,skulls,1.0,,US,CA,,H,W,E,,d808da7d23,
122,5329,5329,5329,528588,1995.0,II,Broughtonia negrilensis,,Orchidales,Orchidaceae,Broughtonia,live,93.0,,US,JM,,T,W,I,,8e10f52d11,
252,135420,135420,135420,6560601,1995.0,II,Amazona autumnalis,Aves,Psittaciformes,Psittacidae,Amazona,live,1.0,,US,DE,,,W,I,,801342a7b3,
751,154354,154354,154354,6615693,1995.0,III,Civettictis civetta,Mammalia,Carnivora,Viverridae,Civettictis,trophies,1.0,,US,ZA,,T,W,E,,07d7d5ac9e,
577,160661,160661,160661,6633021,1995.0,II,Dendrobium unicum,,Orchidales,Orchidaceae,Dendrobium,live,8.0,,JP,NZ,,T,A,I,,3d084c1c7b,
73,138918,138918,138918,6569913,1995.0,I,Ariocarpus retusus,,Caryophyllales,Cactaceae,Ariocarpus,seeds,40.0,,IT,US,,B,D,E,,11e4efb510,
676,245608,245608,245608,6896169,1995.0,II,Ursus americanus,Mammalia,Carnivora,Ursidae,Ursus,skins,1.0,,US,CA,,H,W,E,,94207dae92,
382,133883,133883,133883,6553189,1995.0,II,Alligator mississippiensis,Reptilia,Crocodylia,Alligatoridae,Alligator,skins,63.0,,US,FR,US,,W,E,,ea7ae4b90f,
222,186488,186488,186488,6711699,1995.0,II,Moschus moschiferus,Mammalia,Artiodactyla,Moschidae,Moschus,derivatives,30.0,,JP,HK,CN,T,C,I,,61424fcc5f,
437,171852,171852,171852,6667868,1995.0,II,Hydnophora spp.,Anthozoa,Scleractinia,Merulinidae,Hydnophora,live,15.0,,US,ID,,T,W,I,,583322b980,
444,95973,95973,95973,1205064,1995.0,II,Favites spp.,Anthozoa,Scleractinia,Faviidae,Favites,raw corals,10.0,,US,ID,,T,W,E,,295e1f0d13,
72,98020,98020,98020,1224309,1995.0,II,Goniopora spp.,Anthozoa,Scleractinia,Poritidae,Goniopora,raw corals,10.0,,JP,ID,,T,W,E,,3e043c85e1,
522,251464,251464,251464,6902025,1995.0,II,Ursus americanus,Mammalia,Carnivora,Ursidae,Ursus,skins,1.0,,US,CA,,H,W,E,,8738028c03,
47,126384,126384,126384,6531745,1995.0,II,Alligator mississippiensis,Reptilia,Crocodylia,Alligatoridae,Alligator,leather products (small),1.0,,JP,FR,US,T,C,I,,d59fe9d5d3,
231,242804,242804,242804,6893365,1995.0,II,Ursus americanus,Mammalia,Carnivora,Ursidae,Ursus,meat,20.0,kg,US,CA,,H,W,E,,f07276ee52,
205,222859,222859,222859,6815604,1995.0,II,Tubastraea coccinea,Anthozoa,Scleractinia,Dendrophylliidae,Tubastraea,raw corals,7.0,,DE,ID,,T,W,E,,1ee11811b4,
286,62133,62133,62133,849411,1995.0,II,Panax quinquefolius,,Apiales,Araliaceae,Panax,roots,454.0,kg,US,HK,US,T,A,I,,dcf9f024fe,
958,89067,89067,89067,987532,1995.0,III,Turtur afer,Aves,Columbiformes,Columbidae,Turtur,live,15.0,,PT,SN,,T,W,I,,9a2d1914cc,
338,283848,283848,283848,6993960,1995.0,II,Varanus salvator,Reptilia,Sauria,Varanidae,Varanus,live,25.0,,US,ID,,T,W,I,,7f5ae20d53,
965,275117,275117,275117,6974872,1995.0,II,Varanus niloticus,Reptilia,Sauria,Varanidae,Varanus,leather products (small),12.0,,US,IT,ML,T,W,E,,c0f8f886c8,
199,98794,98794,98794,1243086,1995.0,II,Heliofungia spp.,Anthozoa,Scleractinia,Fungiidae,Heliofungia,raw corals,20.0,,CA,ID,,T,W,E,,2f317865d6,
721,254303,254303,254303,6904864,1995.0,II,Ursus americanus,Mammalia,Carnivora,Ursidae,Ursus,skulls,1.0,,US,CA,,H,W,E,,56347311e4,
851,123389,123389,123389,6528734,1995.0,II,Alligator mississippiensis,Reptilia,Crocodylia,Alligatoridae,Alligator,shoes,1.0,,US,IT,US,T,C,E,,28358e306d,
32,132212,132212,132212,6540382,1995.0,II,Alligator mississippiensis,Reptilia,Crocodylia,Alligatoridae,Alligator,leather items,2.0,,US,IT,,T,C,I,,656a06c02b,
485,65591,65591,65591,864814,1995.0,II,Papio ursinus,Mammalia,Primates,Cercopithecidae,Papio,trophies,1.0,,US,ZW,,T,W,I,,,
985,83072,83072,83072,958058,1995.0,III,Serinus leucopygius,Aves,Passeriformes,Fringillidae,Serinus,live,200.0,,ES,SN,,T,W,I,,1d41d10d95,
566,199725,199725,199725,6749764,1995.0,II,Phalaenopsis spp.,,Orchidales,Orchidaceae,Phalaenopsis,live,50.0,,JP,TW,,T,A,I,,23bdbe6f62,
171,229012,229012,229012,6832190,1995.0,II,Turbinaria spp.,Anthozoa,Scleractinia,Dendrophylliidae,Turbinaria,raw corals,10.0,,DE,ID,,T,W,E,,8f023f2ab6,
913,154194,154194,154194,6614400,1995.0,II,Chlorocebus aethiops,Mammalia,Primates,Cercopithecidae,Chlorocebus,skulls,2.0,,DK,ZW,,T,W,E,,47471d8e1b,
940,26038,26038,26038,639204,1995.0,II,Crocodylus niloticus,Reptilia,Crocodylia,Crocodylidae,Crocodylus,skins,1.0,,ES,TZ,,H,W,I,,ca88933b32,
924,36462,36462,36462,689645,1995.0,II,Dendrobium chrysotoxum,,Orchidales,Orchidaceae,Dendrobium,live,2.0,,GB,TH,,,A,E,,45728ae500,
228,43034,43034,43034,723383,1995.0,III,Estrilda melpoda,Aves,Passeriformes,Estrildidae,Estrilda,live,250.0,,FR,SN,,T,W,E,,7b341d2d9a,
805,57043,57043,57043,817722,1995.0,II,Monodon monoceros,Mammalia,Cetacea,Monodontidae,Monodon,tusks,2.0,,JP,CA,,T,W,E,,0472e406bf,
971,74477,74477,74477,916552,1995.0,II,Python sebae,Reptilia,Serpentes,Pythonidae,Python,leather items,13.0,,PT,SN,,T,W,I,,d3447b2739,
904,172742,172742,172742,6671684,1995.0,II,Iguana iguana,Reptilia,Sauria,Iguanidae,Iguana,live,150.0,,IT,US,CO,T,W,I,,7914f66c78,
961,281006,281006,281006,6987154,1995.0,II,Varanus niloticus,Reptilia,Sauria,Varanidae,Varanus,skins,5.0,,FR,CH,CM,,W,I,bd97d38fe4,1b92e0667f,
616,217529,217529,217529,6800879,1995.0,II,Tapirus terrestris,Mammalia,Perissodactyla,Tapiridae,Tapirus,live,1.0,,SE,NO,,Z,C,I,,40aea14e47,
134,228132,228132,228132,6829944,1995.0,II,Turbinaria spp.,Anthozoa,Scleractinia,Dendrophylliidae,Turbinaria,raw corals,20.0,,JP,ID,,T,W,I,,7d70de1314,
735,178186,178186,178186,6688094,1995.0,I,Loxodonta africana,Mammalia,Proboscidea,Elephantidae,Loxodonta,ivory carvings,1.0,,GB,US,XX,T,O,I,9b8f6e82ae,,
541,8347,8347,8347,545844,1995.0,II,Cactaceae spp.,,Caryophyllales,Cactaceae,,live,1.0,,US,MX,,P,I,I,,8f19ab20dc,
406,148588,148588,148588,6593944,1995.0,II,Caiman crocodilus crocodilus,Reptilia,Crocodylia,Alligatoridae,Caiman,skin pieces,22.0,,US,ES,VE,T,W,I,,509915b2ee,
549,254529,254529,254529,6905090,1995.0,II,Ursus americanus,Mammalia,Carnivora,Ursidae,Ursus,skulls,1.0,,US,CA,,H,W,E,,bcb81e562a,
976,32528,32528,32528,674313,1995.0,II,Cyclamen spp.,,Primulales,Primulaceae,Cyclamen,live,198.0,,US,CA,,T,A,I,,6bcb287035,
792,103299,103299,103299,1347124,1995.0,II,Plerogyra spp.,Anthozoa,Scleractinia,Caryophylliidae,Plerogyra,raw corals,10.0,,NL,ID,,T,W,E,,5fe5b2dd6d,
730,15451,15451,15451,569606,1995.0,II,Caiman crocodilus fuscus,Reptilia,Crocodylia,Alligatoridae,Caiman,leather products (large),95.0,,JP,HK,CO,T,C,I,,ed3496a4bc,
630,112296,112296,112296,6196711,1995.0,II,Iguana iguana,Reptilia,Sauria,Iguanidae,Iguana,live,330.0,,PT,SV,,T,C,E,,4ebca3393c,
766,89355,89355,89355,992619,1995.0,II,Ursus arctos,Mammalia,Carnivora,Ursidae,Ursus,skulls,1.0,,AT,RO,,H,W,I,be1fc6a6c4,e3f3ec4ffb,
646,75736,75736,75736,921334,1995.0,II,Rhynchostylis retusa,,Orchidales,Orchidaceae,Rhynchostylis,live,3.0,,PT,TH,,,W,E,,a9960ea29d,
632,197738,197738,197738,6743912,1995.0,II,Pecari tajacu,Mammalia,Artiodactyla,Tayassuidae,Pecari,shoes,24.0,,SG,IT,AR,T,W,E,,c9a2b44414,
156,111022,111022,111022,5105721,1995.0,II,Crocodylus porosus,Reptilia,Crocodylia,Crocodylidae,Crocodylus,meat,192.0,kg,HK,AU,PG,T,W,I,,aaf03241eb,
215,16803,16803,16803,570958,1995.0,II,Caiman crocodilus fuscus,Reptilia,Crocodylia,Alligatoridae,Caiman,leather products (small),1.0,,CH,JP,CO,T,C,E,,e672ac6f3a,
164,267243,267243,267243,6925757,1995.0,II,Ursus americanus,Mammalia,Carnivora,Ursidae,Ursus,trophies,1.0,,US,CA,,,W,I,,4a491a50c1,
687,180466,180466,180466,6691607,1995.0,I,Loxodonta africana,Mammalia,Proboscidea,Elephantidae,Loxodonta,tusks,1.0,,CA,ZW,,T,W,E,,0abac10650,
983,240894,240894,240894,6891455,1995.0,II,Ursus americanus,Mammalia,Carnivora,Ursidae,Ursus,meat,31.81,kg,US,CA,,H,W,E,,ee1e8a7d11,
399,271273,271273,271273,6929788,1995.0,II,Ursus americanus,Mammalia,Carnivora,Ursidae,Ursus,trophies,1.0,,US,CA,,,W,I,,,
834,221029,221029,221029,6810831,1995.0,II,Trichoceros spp.,,Orchidales,Orchidaceae,Trichoceros,live,20.0,,DE,PE,,T,A,I,e62649a5ce,,
370,244873,244873,244873,6895434,1995.0,II,Ursus americanus,Mammalia,Carnivora,Ursidae,Ursus,skins,1.0,,US,CA,,H,W,E,,2808728d07,
666,204249,204249,204249,6761926,1995.0,II,Polytelis swainsonii,Aves,Psittaciformes,Psittacidae,Polytelis,live,2.0,,EG,NL,,T,C,E,,31063dbee6,
537,234957,234957,234957,6885518,1995.0,II,Ursus americanus,Mammalia,Carnivora,Ursidae,Ursus,bodies,1.0,,US,CA,,H,W,E,,cf65964f1e,
14,184011,184011,184011,6704454,1995.0,II,Mantella aurantiaca,Amphibia,Anura,Mantellidae,Mantella,live,100.0,,US,MG,,T,W,E,,5b57e87851,
843,110534,110534,110534,5104451,1995.0,II,Crocodylus porosus,Reptilia,Crocodylia,Crocodylidae,Crocodylus,skins,100.0,,FR,AU,,T,R,E,,14d5e90482,
901,95469,95469,95469,1187504,1995.0,II,Euphyllia spp.,Anthozoa,Scleractinia,Caryophylliidae,Euphyllia,raw corals,60.0,,US,ID,,T,W,E,,030e2145ea,
647,233818,233818,233818,6884379,1995.0,II,Ursus americanus,Mammalia,Carnivora,Ursidae,Ursus,bodies,1.0,,US,CA,,H,W,E,,a6c1cf62a0,
380,267240,267240,267240,6925754,1995.0,II,Ursus americanus,Mammalia,Carnivora,Ursidae,Ursus,trophies,1.0,,US,CA,,,W,I,,ccc6da4427,
172,154655,154655,154655,6616412,1995.0,II,Coelogyne ovalis,,Orchidales,Orchidaceae,Coelogyne,live,12.0,,DE,IN,,T,A,I,7d85cbc02c,,
863,148574,148574,148574,6593930,1995.0,II,Caiman crocodilus crocodilus,Reptilia,Crocodylia,Alligatoridae,Caiman,shoes,1.0,,US,ES,VE,T,W,I,,debeefe4a2,
823,16364,16364,16364,570519,1995.0,II,Caiman crocodilus fuscus,Reptilia,Crocodylia,Alligatoridae,Caiman,leather products (small),8.0,,JP,SG,NI,T,W,I,,c33bb5a920,
754,56077,56077,56077,810630,1995.0,II,Manis spp.,Mammalia,Pholidota,Manidae,Manis,shoes,2.0,,US,MX,XX,T,I,I,,,
308,124879,124879,124879,6530225,1995.0,II,Alligator mississippiensis,Reptilia,Crocodylia,Alligatoridae,Alligator,shoes,2.0,,US,ES,US,T,C,E,,61cb468e66,0b362e7907
797,53005,53005,53005,783072,1995.0,II,Hyaena brunnea,Mammalia,Carnivora,Hyaenidae,Hyaena,live,2.0,,FR,ZA,,T,C,E,,3df62225df,
346,246194,246194,246194,6896755,1995.0,II,Ursus americanus,Mammalia,Carnivora,Ursidae,Ursus,skins,1.0,,US,CA,,H,W,E,,3b556a957d,
685,113607,113607,113607,6500192,1995.0,II,Acropora spp.,Anthozoa,Scleractinia,Acroporidae,Acropora,live,10.0,,DE,ID,,T,,I,07ad63b0eb,,
833,81869,81869,81869,954186,1995.0,II,Scleractinia spp.,Anthozoa,Scleractinia,,,live,119.0,,US,SB,,T,W,I,,8c25db3476,
422,98531,98531,98531,1242823,1995.0,II,Heliofungia spp.,Anthozoa,Scleractinia,Fungiidae,Heliofungia,raw corals,10.0,,DE,ID,,T,W,E,,2081064528,
872,169318,169318,169318,6661962,1995.0,III,Gracula religiosa,Aves,Passeriformes,Sturnidae,Gracula,live,40.0,,DE,MY,,T,,I,39383e5405,,
395,52195,52195,52195,778574,1995.0,II,Heliofungia spp.,Anthozoa,Scleractinia,Fungiidae,Heliofungia,live,35.0,,US,ID,,T,W,I,,,
442,57778,57778,57778,824143,1995.0,II,Neofinetia falcata,,Orchidales,Orchidaceae,Neofinetia,live,100.0,,JP,CN,,T,A,I,,8407f2cd6d,
463,197255,197255,197255,6742533,1995.0,II,Parodia crassigibba,,Caryophyllales,Cactaceae,Parodia,live,1080.0,,CH,ES,,T,A,E,,84207b14f5,
609,168922,168922,168922,6660673,1995.0,II,Galaxea fascicularis,Anthozoa,Scleractinia,Oculinidae,Galaxea,raw corals,10.0,,US,ID,,T,W,E,,6471cf447c,
812,244864,244864,244864,6895425,1995.0,II,Ursus americanus,Mammalia,Carnivora,Ursidae,Ursus,skins,1.0,,US,CA,,H,W,E,,99a901bf1e,
60,250162,250162,250162,6900723,1995.0,II,Ursus americanus,Mammalia,Carnivora,Ursidae,Ursus,skins,1.0,,US,CA,,H,W,E,,c698005de1,
101,132626,132626,132626,6540796,1995.0,II,Alligator mississippiensis,Reptilia,Crocodylia,Alligatoridae,Alligator,leather items,7.0,,US,IT,US,T,C,I,,99485de42a,
767,13197,13197,13197,567321,1995.0,II,Caiman crocodilus fuscus,Reptilia,Crocodylia,Alligatoridae,Caiman,skins,1350.0,,SG,CO,,T,C,E,,43861c2f3a,
543,253860,253860,253860,6904421,1995.0,II,Ursus americanus,Mammalia,Carnivora,Ursidae,Ursus,skulls,1.0,,US,CA,,H,W,E,,d65d25e138,
662,221910,221910,221910,6813253,1995.0,II,Tridacna gigas,Bivalvia,Veneroida,Tridacnidae,Tridacna,live,4.0,,US,PC,,T,C,I,,9c9417f9d2,
160,197429,197429,197429,6743284,1995.0,II,Pecari tajacu,Mammalia,Artiodactyla,Tayassuidae,Pecari,skins,830.0,,DE,PE,,T,,I,c1f4b37165,,
926,12018,12018,12018,566142,1995.0,II,Caiman crocodilus fuscus,Reptilia,Crocodylia,Alligatoridae,Caiman,shoes,2.0,,US,IT,CO,T,C,E,,537a61aa65,
678,266005,266005,266005,6924519,1995.0,II,Ursus americanus,Mammalia,Carnivora,Ursidae,Ursus,trophies,1.0,,US,CA,,,W,I,,72199178b3,
405,53483,53483,53483,789404,1995.0,II,Laelia lucasiana,,Orchidales,Orchidaceae,Laelia,live,1.0,,DE,BR,,T,A,I,fa4332ef4d,,
762,76861,76861,76861,934287,1995.0,II,Salvator rufescens,Reptilia,Sauria,Teiidae,Salvator,leather products (small),10.0,,IT,CH,AR,T,W,I,,d39606e510,
923,12184,12184,12184,566308,1995.0,II,Caiman crocodilus fuscus,Reptilia,Crocodylia,Alligatoridae,Caiman,shoes,36.0,,US,IT,CO,T,C,E,,944bf7db9e,
328,289387,289387,289387,13145445,1995.0,II,Echinopsis spp.,,Caryophyllales,Cactaceae,Echinopsis,carvings,650.0,,DE,CL,,T,W,E,,23da71eb4b,
10,68625,68625,68625,880014,1995.0,II,Pionus menstruus,Aves,Psittaciformes,Psittacidae,Pionus,live,4.0,,CH,BE,SR,T,W,E,,2f32fd7f9c,
291,149122,149122,149122,6594478,1995.0,II,Caiman crocodilus crocodilus,Reptilia,Crocodylia,Alligatoridae,Caiman,shoes,6.0,,US,IT,VE,T,W,I,,8ebe7ffe65,
299,74154,74154,74154,913236,1995.0,II,Python curtus,Reptilia,Serpentes,Pythonidae,Python,skins,394.0,,US,JP,ID,T,W,E,,4ce702c741,
807,231447,231447,231447,6882008,1995.0,II,Ursus americanus,Mammalia,Carnivora,Ursidae,Ursus,live,1.0,,HR,NL,IT,T,C,E,,be59a387eb,c63d075901
672,20607,20607,20607,590631,1995.0,II,Catalaphyllia spp.,Anthozoa,Scleractinia,Caryophylliidae,Catalaphyllia,live,3.0,,US,ID,,T,W,I,,7b1efe2f4b,
691,44531,44531,44531,729839,1995.0,II,Euphorbia spp.,,Euphorbiales,Euphorbiaceae,Euphorbia,live,14557.0,,US,DO,,T,A,I,,7babbd5e37,
427,80761,80761,80761,951995,1995.0,II,Scleractinia spp.,Anthozoa,Scleractinia,,,raw corals,500.0,,JP,ID,,T,W,I,,444c54c98e,
661,129030,129030,129030,6534391,1995.0,II,Alligator mississippiensis,Reptilia,Crocodylia,Alligatoridae,Alligator,leather products (large),1.0,,JP,IT,US,T,W,I,,2f4ed95d5b,
570,41256,41256,41256,711712,1995.0,I,Elephas maximus,Mammalia,Proboscidea,Elephantidae,Elephas,carvings,1.0,,JP,DE,XX,T,O,I,,47dcc7f086,
107,66452,66452,66452,868811,1995.0,I,Pediocactus sileri,,Caryophyllales,Cactaceae,Pediocactus,seeds,5.0,,GB,US,,B,D,E,,11e4efb510,
89,244545,244545,244545,6895106,1995.0,II,Ursus americanus,Mammalia,Carnivora,Ursidae,Ursus,skins,1.0,,US,CA,,H,W,E,,0ea12331f9,
929,244045,244045,244045,6894606,1995.0,II,Ursus americanus,Mammalia,Carnivora,Ursidae,Ursus,skins,1.0,,US,CA,,H,W,E,,a56b0d5354,
534,241620,241620,241620,6892181,1995.0,II,Ursus americanus,Mammalia,Carnivora,Ursidae,Ursus,meat,40.0,kg,US,CA,,H,W,E,,83b51f1b82,
908,264747,264747,264747,6923261,1995.0,II,Ursus americanus,Mammalia,Carnivora,Ursidae,Ursus,trophies,1.0,,US,CA,,,W,I,,5af7344c6b,
496,21844,21844,21844,604100,1995.0,II,Centrochelys sulcata,Reptilia,Testudines,Testudinidae,Centrochelys,live,100.0,,US,GH,ML,T,W,I,,569974a4f7,
103,75803,75803,75803,921810,1995.0,II,Rhynchostylis spp.,,Orchidales,Orchidaceae,Rhynchostylis,live,24.0,,DE,TH,,T,A,I,910ee9af41,,
527,272092,272092,272092,6965445,1995.0,II,Vanda spp.,,Orchidales,Orchidaceae,Vanda,live,61.0,,DE,TH,,T,A,I,0b2e6f662a,,
323,107722,107722,107722,1409926,1995.0,II,Scleractinia spp.,Anthozoa,Scleractinia,,,live,112.0,,HK,ID,,T,W,I,,499da5edcd,
679,255505,255505,255505,6906066,1995.0,II,Ursus americanus,Mammalia,Carnivora,Ursidae,Ursus,skulls,1.0,,US,CA,,H,W,E,,f584655d85,
464,103411,103411,103411,1357777,1995.0,II,Pocillopora verrucosa,Anthozoa,Scleractinia,Pocilloporidae,Pocillopora,raw corals,1500.0,,ES,ID,,T,W,E,,910d69b1fd,
388,138695,138695,138695,6569470,1995.0,II,Archilochus colubris,Aves,Apodiformes,Trochilidae,Archilochus,specimens,1.0,,CA,US,,M,W,E,,32fae6306d,
